Make,Model_Series,Model_Family,Model,Predecessor,Successor,Model_Series_Launch_Date,Unnamed: 0,YearMonth,Country,Client,Product,Program,Product_Launch_Date,Model_Age_Days,Model_No_Color,Model_Capacity,Currency,Price,Price_USD,Shipped_Claim,Fulfilment_Type,Claim_Type,Replacement_Matrix_Offer_Type
APPLE,iPhone 6,APPLE IPHONE 6 PLUS,IPH6P128GLD,APPLE IPHONE 5,APPLE IPHONE 6S PLUS,2018-01-01,,,,,,,,,,,,,,,,,
APPLE,,APPLE IPAD PRO 11,iPDPRO11256GRY,APPLE IPAD PRO 10.5,,01-03-2018,,,,,,,,,,,,,,,,,
APPLE,,APPLE IPAD PRO 9.7,IPDPRO97128GLD,APPLE IPAD PRO 9.7 2016,,01-03-2018,,,,,,,,,,,,,,,,,
APPLE,,APPLE IPAD PRO 12.9 3RD GEN,iPRO1293GEN1TBGRY,APPLE IPAD PRO 12.9 2ND GEN,,26-10-2022,,,,,,,,,,,,,,,,,
APPLE,,APPLE IPAD PRO 12.9 2020,IPRO12201TBGRY,APPLE IPAD PRO 12.9 2ND GEN,,19-03-2020,,,,,,,,,,,,,,,,,
APPLE,,APPLE iPHONE 5,iPH516BLK,APPLE IPHONE 4,,01-03-2018,,,,,,,,,,,,,,,,,
APPLE,,APPLE IPHONE 5C,iPH5C16BLU,APPLE IPHONE 4,,01-03-2018,,,,,,,,,,,,,,,,,
APPLE,,APPLE IPAD AIR 10.5 3RD GEN,iPDA1053RD64GLD,APPLE IPAD PRO 12.9 2ND GEN,,01-03-2018,,,,,,,,,,,,,,,,,
APPLE,,APPLE IPHONE 4,iPH416BLK,APPLE IPHONE 3GS,,01-03-2018,,,,,,,,,,,,,,,,,
APPLE,,APPLE IPHONE 4S,iPH4S16BLK,APPLE IPHONE 3GS,,01-03-2018,,,,,,,,,,,,,,,,,
APPLE,iPhone 6,Apple iPhone 6 Plus,iPhone 6 Plus,APPLE IPHONE 5S,APPLE IPHONE 6S PLUS,01-03-2018,,,,,,,,,,,,,,,,,
APPLE,,Apple iPhone 3GS,iPhone 3GS,APPLE IPHONE 3G,,01-03-2018,,,,,,,,,,,,,,,,,
APPLE,,APPLE IPAD PRO 11 2021,IPRO1121128GRY,APPLE IPAD PRO 11 2020,,20-04-2021,,,,,,,,,,,,,,,,,
APPLE,,APPLE IPAD AIR 4 10.9,IPDAR4109256SIL,APPLE IPAD AIR 3,,01-03-2018,,,,,,,,,,,,,,,,,
APPLE,,APPLE IPAD MINI 2019 5TH GEN,iPMINI5TH64GRY,APPLE IPAD MINI 4,,01-03-2018,,,,,,,,,,,,,,,,,
APPLE,,Apple iPad Pro,iPad Pro,APPLE IPAD ,,01-03-2018,,,,,,,,,,,,,,,,,
APPLE,,APPLE IPAD MINI RETINA,iPMRT32GRY,APPLE IPAD PRO 4TH GEN,,01-03-2018,,,,,,,,,,,,,,,,,
APPLE,,APPLE WATCH SERIES SE 40MM,WSE40PNKBANDGLD,APPLE WATCH SERIES 5,,2018-01-01,,,,,,,,,,,,,,,,,
APPLE,,Apple iPad Pro (11),iPad Pro (11),APPLE IPAD PRO 10.5,,26-10-2022,,,,,,,,,,,,,,,,,
APPLE,,APPLE WATCH NIKE SERIES 5 40MM,WNKE540PLABANDSIL,APPLE WATCH NIKE SERIES 4,,01-03-2018,,,,,,,,,,,,,,,,,
APPLE,,APPLE IPAD PRO 10.5,IPDPRO105256GLD,APPLE IPAD 9.7,,01-03-2018,,,,,,,,,,,,,,,,,
APPLE,,APPLE IPAD PRO 12.9 2ND GEN,IPDP129512SIL,APPLE IPAD PRO 12.9 1ST GEN,,20-04-2021,,,,,,,,,,,,,,,,,
APPLE,,APPLE IPAD 6TH GEN,iPD128GLD,APPLE IPAD 5,,01-03-2018,,,,,,,,,,,,,,,,,
APPLE,,APPLE IPAD AIR,iPDAR64SIL,APPLE IPAD AIR 5,,01-03-2018,,,,,,,,,,,,,,,,,
APPLE,,APPLE WATCH SERIES 5 44MM,W544BLKBANDGRY,APPLE WATCH SERIES 5,,2018-01-01,,,,,,,,,,,,,,,,,
APPLE,,Apple Watch Series 5,Watch Series 5,APPLE WATCH SERIES 4,,2020-09-01,,,,,,,,,,,,,,,,,
APPLE,,Apple iPhone SE (2nd generation),iPhone SE (2nd generation),APPLE IPHONE SE 1ST GEN,,2020-04-15,,,,,,,,,,,,,,,,,
APPLE,,APPLE WATCH SERIES 7 41MM,W741BLKBANDBLK,APPLE WATCH SERIES 6,,2018-01-01,,,,,,,,,,,,,,,,,
APPLE,,Apple Watch Series 6,Watch Series 6,APPLE WATCH SERIES 5,,2020-09-01,,,,,,,,,,,,,,,,,
APPLE,,APPLE IPAD MINI 2021,IPDMN215G64GRY,APPLE IPAD MINI 5TH GEN,,2021-10-01,,,,,,,,,,,,,,,,,
APPLE,,APPLE WATCH SERIES 8 45MM,WS845BLKBNDBLK,APPLE WATCH SERIES 7 41MM,,2022-09-23,,,,,,,,,,,,,,,,,
APPLE,,APPLE WATCH ULTRA 49MM,WUL49GRNLOOPMTIT,NONE ,,2020-10-01,,,,,,,,,,,,,,,,,
APPLE,,APPLE IPAD PRO 12.9,IPDP129256GRY,APPLE IPAD PRO 12.9 3RD GEN,,19-03-2020,,,,,,,,,,,,,,,,,
APPLE,,APPLE IPAD 10.9 2022,IPD109256PNK,APPLE IPAD 9,,2022-09-23,,,,,,,,,,,,,,,,,
APPLE,,APPLE WATCH SE 2022 44MM,WSE2244BLKBNDBLK,APPLE WATCH SE 2020 44MM,,2022-09-23,,,,,,,,,,,,,,,,,
APPLE,,APPLE IPAD 10.2 2021,IPD102215G256SIL,APPLE IPAD 8,,2021-10-01,,,,,,,,,,,,,,,,,
APPLE,,APPLE IPAD AIR 5 10.9,IPDAR5109256PUR,APPLE IPAD 4,,,,,,,,,,,,,,,,,,,
APPLE,,Apple iPad (5th Gen),iPad (5th Gen),APPLE IPAD 4TH GEN,,01-03-2018,,,,,,,,,,,,,,,,,
APPLE,,Apple iPad (6th Gen),iPad (6th Gen),APPLE IPAD 5TH GEN,,01-03-2018,,,,,,,,,,,,,,,,,
APPLE,,Apple iPad Pro (10.5),iPad Pro (10.5),APPLE IPAD PRO 9.7 2016,,01-03-2018,,,,,,,,,,,,,,,,,
APPLE,,Apple iPad Pro (12.9 2nd Gen),iPad Pro (12.9 2nd Gen),APPLE IPAD PRO 12.9 1ST GEN,,26-10-2022,,,,,,,,,,,,,,,,,
APPLE,,APPLE IPAD 2017,iPD128(2017)GRY,APPLE IPAD 4,,01-03-2018,,,,,,,,,,,,,,,,,
APPLE,,APPLE WATCH NIKE SERIES 5 44MM,WNKE544ANTBANDGRY,APPLE WATCH SERIES 4,,01-03-2018,,,,,,,,,,,,,,,,,
APPLE,,APPLE IPAD MINI 3,iPMINI3128SIL,APPLE IPAD MINI 2,,2018-01-01,,,,,,,,,,,,,,,,,
APPLE,,APPLE IPAD PRO 12.9 2021,IPRO1221256SIL,APPLE IPAD PRO 4,,20-04-2021,,,,,,,,,,,,,,,,,
APPLE,,APPLE IPAD PRO 11 2020,IPRO1120512SIL,APPLE IPAD PRO 11 2018,,01-03-2018,,,,,,,,,,,,,,,,,
APPLE,,APPLE WATCH SERIES 5 40MM,W540PNKBANDGLD,APPLE WATCH SERIES 4,,2018-01-01,,,,,,,,,,,,,,,,,
APPLE,,Apple iPad Air 2,Apple iPad Air 2,APPLE IPAD 1,,01-03-2018,,,,,,,,,,,,,,,,,
APPLE,,APPLE IPAD 2018 6TH GEN,IPD18128GLD,APPLE IPAD 5TH GEN,,2018-11-01,,,,,,,,,,,,,,,,,
APPLE,,Apple iPad (7th Gen),iPad (7th Gen),APPLE IPAD 6TH GEN,,01-03-2018,,,,,,,,,,,,,,,,,
APPLE,,Apple iPad Pro (11 2nd Gen),iPad Pro (11 2nd Gen),APPLE IPAD PRO 11 1ST GEN,,26-10-2022,,,,,,,,,,,,,,,,,
APPLE,,APPLE IPAD AIR 3,AIR364GLD,APPLE IPAD AIR 2,,2018-11-01,,,,,,,,,,,,,,,,,
APPLE,,Apple iPad Pro (12.9 6th Gen),iPad Pro (12.9 6th Gen),APPLE IPAD 5TH GEN,,26-10-2022,,,,,,,,,,,,,,,,,
APPLE,,Apple iPad Air 5,iPad Air 5,APPLE IPAD 4,,01-03-2018,,,,,,,,,,,,,,,,,
APPLE,,Apple iPad (10th Gen),Apple iPad (10th Gen),APPLE IPAD 9TH GEN,,01-03-2018,,,,,,,,,,,,,,,,,
APPLE,,IPAD PRO 12.9 2022,IPRO1222128GRY,APPLE IPAD PRO 12.9 2021,,26-10-2022,,,,,,,,,,,,,,,,,
APPLE,,Apple iPhone SE (3rd generation),iPhone SE (3rd generation),APPLE IPHONE SE 2ND GEN,,01-03-2018,,,,,,,,,,,,,,,,,
APPLE,,Apple Watch Series 7,Watch Series 7,APPLE WATCH SERIES 6,,01-03-2018,,,,,,,,,,,,,,,,,
APPLE,,APPLE IPAD 10.2 2020,IPD10220128GLD,APPLE IPAD 7,,01-03-2018,,,,,,,,,,,,,,,,,
APPLE,,Apple iPad Pro (12.9 4th Gen),iPad Pro (12.9 4th Gen),APPLE IPAD PRO 12.9 3RD GEN,,26-10-2022,,,,,,,,,,,,,,,,,
APPLE,,Apple iPad Pro (11 4th Gen),Apple iPad Pro (11 4th Gen),APPLE IPAD PRO 11 3RD GEN,,26-10-2022,,,,,,,,,,,,,,,,,
APPLE,,Apple iPad Air 4,iPad Air 4,APPLE IPAD AIR 3,,01-03-2018,,,,,,,,,,,,,,,,,
APPLE,,Apple iPad mini 5,iPad mini 5,APPLE IPAD MINI 4,,18-02-2019,,,,,,,,,,,,,,,,,
APPLE,,Apple iPad (8th Gen),iPad (8th Gen),APPLE IPAD 7TH GEN,,01-03-2018,,,,,,,,,,,,,,,,,
APPLE,,APPLE IPAD PRO 11 2022,IPRO1122256GRY,APPLE IPAD 9,,26-10-2022,,,,,,,,,,,,,,,,,
APPLE,,Apple iPad Pro (11 3rd Gen),iPad Pro (11 3rd Gen),APPLE IPAD PRO 10TH GEN,,26-10-2022,,,,,,,,,,,,,,,,,
APPLE,,Apple iPad Pro (12.9 5th Gen),iPad Pro (12.9 5th Gen),APPLE IPAD PRO 12.9 4TH GEN,,26-10-2022,,,,,,,,,,,,,,,,,
APPLE,,APPLE IPAD 10.2,IPD102128GRY,APPLE IPAD 7,,2018-01-01,,,,,,,,,,,,,,,,,
APPLE,,APPLE IPAD PRO,IPADP128GRY,APPLE IPAD PRO 12.9 3RD GEN,,2018-01-01,,,,,,,,,,,,,,,,,
APPLE,,APPLE WATCH SERIES 6 44MM,W644BLKBANDGRY,APPLE WATCH SERIES 5 44MM,,2018-01-01,,,,,,,,,,,,,,,,,
APPLE,iPhone 6,APPLE IPHONE 6,iPH616GLD,APPLE IPHONE 5,APPLE IPHONE 6S,2018-01-01,,,,,,,,,,,,,,,,,
APPLE,iPhone X,APPLE IPHONE X,IPHX256GLD,APPLE IPHONE 8,APPLE IPHONE XS,2017-11-01,,,,,,,,,,,,,,,,,
APPLE,,Apple Watch SE (2022),Watch SE (2022),APPLE WATCH SE 2020,,2022-09-01,,,,,,,,,,,,,,,,,
APPLE,,APPLE WATCH SERIES SE 44MM,WSE44BLKBANDGRY,APPLE WATCH SE 2020,,2018-01-01,,,,,,,,,,,,,,,,,
APPLE,,APPLE WATCH SERIES 7 45MM,W745BLKBANDBLK,APPLE WATCH SERIES 6 45MM,,2018-01-01,,,,,,,,,,,,,,,,,
APPLE,,APPLE IPAD 7,IPD732GRY,APPLE IPAD 6TH GEN,,2018-11-01,,,,,,,,,,,,,,,,,
APPLE,,Apple iPad mini 6,iPad mini 6,APPLE IPAD MINI 5TH GEN,,01-03-2018,,,,,,,,,,,,,,,,,
APPLE,,APPLE IPAD 9.7,IPD97128GLD,APPLE IPAD 9.7 5TH GEN,,2018-01-01,,,,,,,,,,,,,,,,,
APPLE,,APPLE IPAD AIR 2,iPDAR2128GLD,APPLE IPAD AIR,,2018-01-01,,,,,,,,,,,,,,,,,
APPLE,,APPLE WATCH SERIES 6 40MM,W640BLKBANDGRY,APPLE WATCH SERIES 5 44MM,,2018-01-01,,,,,,,,,,,,,,,,,
APPLE,,APPLE IPHONE 5S,IPH5S16GRY,APPLE IPHONE 4S,,2018-01-01,,,,,,,,,,,,,,,,,
APPLE,,APPLE WATCH SERIES 4 44MM,W444BLKBANDGRY,APPLE WATCH SERIES 3 ,,2018-01-01,,,,,,,,,,,,,,,,,
APPLE,,APPLE IPAD MINI 4,iPMINI416GLD,APPLE IPAD MINI 3,,2018-01-01,,,,,,,,,,,,,,,,,
OPPO,OPPO FIND X3,OPPO FIND X3 PRO,FINDX3PRO5G256BLU,OPPO FIND X2 PRO,,2017-01-01,,,,,,,,,,,,,,,,,
OPPO,,OPPO F1F,F1FRGD,OPPO F1,,2023-05-24,,,,,,,,,,,,,,,,,
OPPO,,OPPO JOY 5,JOY5BLK,*OPPO JOY 4,,2018-11-01,,,,,,,,,,,,,,,,,
OPPO,,OPPO MIRROR 5 LTE,MIRROR5LT4GBK,OPPO MIRROR 3,,2018-11-01,,,,,,,,,,,,,,,,,
OPPO,,OPPO F11,F11128GRN,OPPO F9,,2016-04-25,,,,,,,,,,,,,,,,,
OPPO,,OPPO F5 YOUTH,F5YBLK,OPPO F3 PLUS,,2017-12-07,,,,,,,,,,,,,,,,,
OPPO,,OPPO MIRROR 5S,MIRROR5WHT,OPPO MIRROR 3,,2018-11-01,,,,,,,,,,,,,,,,,
OPPO,,OPPO R9S PRO,R9SPROGLD,OPPO R7S,,2018-11-01,,,,,,,,,,,,,,,,,
OPPO,,OPPO FIND X2 PRO,FINDX2PR512GRN,OPPO FIND X,,01-03-2018,,,,,,,,,,,,,,,,,
OPPO,,Oppo Reno8 Pro 5G,Reno8 Pro 5G,OPPO RENO 7 PRO 5G,,02-02-2023,,,,,,,,,,,,,,,,,
OPPO,,OPPO A39,A39GLD,OPPO A37,,2016-11-22,,,,,,,,,,,,,,,,,
OPPO,,OPPO A37TT,A37TTGLD,OPPO A33,,2017-09-14,,,,,,,,,,,,,,,,,
OPPO,,OPPO RENO 2Z,RENO2Z128BLK,OPPO RENO Z,,01-03-2018,,,,,,,,,,,,,,,,,
OPPO,,OPPO N5111,N5111WHT,*OPPO N3,,2018-11-01,,,,,,,,,,,,,,,,,
OPPO,,OPPO A37FT,A37FTRGD,OPPO A33,,2017-09-14,,,,,,,,,,,,,,,,,
OPPO,,OPPO 3006,3006WHT,OPPO 3000,,2018-11-01,,,,,,,,,,,,,,,,,
OPPO,,OPPO A58,A58128BLK,OPPO A57,,2023-08-10,,,,,,,,,,,,,,,,,
OPPO,,Oppo Reno2 Z,Reno2 Z,OPPO RENO2,,20-09-2019,,,,,,,,,,,,,,,,,
OPPO,,Oppo Reno7 5G/Find X5 Lite,Reno7 5G/Find X5 Lite,OPPO RENO 5G,,02-04-2022,,,,,,,,,,,,,,,,,
OPPO,,Oppo Reno7 Pro 5G,Reno7 Pro 5G,OPPO RENO 6 PRO 5G,,02-04-2022,,,,,,,,,,,,,,,,,
OPPO,,Oppo Reno6 Pro 5G,Reno6 Pro 5G,OPPO RENO5 PRO 5G,,11-06-2021,,,,,,,,,,,,,,,,,
OPPO,,OPPO A18,A18128BLK,*NONE,,2023-10-06,,,,,,,,,,,,,,,,,
OPPO,,OPPO PAD 2,OPAD2WF256GRY,OPPO PAD AIR,,2023-03-21,,,,,,,,,,,,,,,,,
OPPO,,Oppo Reno3 Pro,Reno3 Pro,OPPO RENO2,,17-03-2020,,,,,,,,,,,,,,,,,
OPPO,,OPPO F1S,F1SGLD,OPPO F1,,2017-01-01,,,,,,,,,,,,,,,,,
OPPO,,OPPO F1 PLUS,F1PRGD,OPPO F1,,2017-01-01,,,,,,,,,,,,,,,,,
OPPO,,Oppo Neo 3,Neo 3,OPPO NEO 2,,01-03-2018,,,,,,,,,,,,,,,,,
OPPO,,OPPO R7KF,R7KFGLD,OPPO R5,,2018-11-01,,,,,,,,,,,,,,,,,
OPPO,,OPPO NEO 7,NEO7WHT,OPPO NEO 5,,2017-01-01,,,,,,,,,,,,,,,,,
OPPO,,Oppo Reno8 5G,Reno8 5G,OPPO RENO 7 5G,,25-07-2022,,,,,,,,,,,,,,,,,
OPPO,OPPO F11,OPPO F11 PRO,F11PRO128BLK,OPPO F1,Oppo F9,2017-01-01,,,,,,,,,,,,,,,,,
OPPO,OPPO A90,OPPO A92,A92128BLK,OPPO A91,OPPO A93,2017-11-01,,,,,,,,,,,,,,,,,
OPPO,,Oppo Reno10 Pro,Reno10 Pro,OPPO RENO 9 PRO,,13-07-2023,,,,,,,,,,,,,,,,,
OPPO,,OPPO A1521,A152132SLBLK,*NONE,,2020-12-27,,,,,,,,,,,,,,,,,
OPPO,,OPPO MIRROR3,MIRROR3BLK,*NONE,,01-03-2018,,,,,,,,,,,,,,,,,
OPPO,,OPPO N3,N3WHT,OPPO N1,,01-03-2018,,,,,,,,,,,,,,,,,
OPPO,,OPPO NEO 5,NEO5BLK,OPPO NEO 3,,01-03-2018,,,,,,,,,,,,,,,,,
OPPO,,OPPO NEO 5S,NEO5SBLK,OPPO NEO 3,,01-03-2018,,,,,,,,,,,,,,,,,
OPPO,,OPPO R5,R5GRY,OPPO R3,,01-03-2018,,,,,,,,,,,,,,,,,
OPPO,,OPPO R7S,R7SGLD,OPPO R5S,,2017-01-01,,,,,,,,,,,,,,,,,
OPPO,,Oppo Reno10 Pro+,Reno10 Pro+,OPPO RENO9 PRO+,,24-05-2023,,,,,,,,,,,,,,,,,
OPPO,,Oppo F7 Youth Edition/A73s,F7 Youth Edition/A73s,OPPO F5 YOUTH,,01-03-2018,,,,,,,,,,,,,,,,,
OPPO,,Oppo R15,R15,OPPO R11S,,01-03-2018,,,,,,,,,,,,,,,,,
OPPO,,OPPO FIND N3,FINDN35G512BLK,OPPO FIND 7,,27-10-2023,,,,,,,,,,,,,,,,,
OPPO,,OPPO RENO 5Z,RENO5Z5G128BLU,OPPO RENO 4Z,,07-05-2021,,,,,,,,,,,,,,,,,
OPPO,,OPPO RENO 4Z PRO,RENO4ZPRO5G256BLU,OPPO RENO 3 PRO,,2018-11-01,,,,,,,,,,,,,,,,,
OPPO,,OPPO RENO 4Z,RENO4Z5G128KGBLK,OPPO RENO 3 PRO,,2018-11-01,,,,,,,,,,,,,,,,,
OPPO,OPPO A10,OPPO A12,A12BLK,OPPO A1,OPPO A15,2017-11-01,,,,,,,,,,,,,,,,,
OPPO,,OPPO A12 SL,A12SLDBL,OPPO A12,,2020-07-28,,,,,,,,,,,,,,,,,
OPPO,,Oppo Reno8 T 5G,Reno8 T 5G,OPPO RENO7 5G,,10-02-2023,,,,,,,,,,,,,,,,,
OPPO,,Oppo Reno7 Lite 5G/Reno8 Lite 5G/Reno7 Z 5G,Reno7 Lite 5G/Reno8 Lite 5G/Reno7 Z 5G,OPPO RENO 6,,02-02-2023,,,,,,,,,,,,,,,,,
OPPO,OPPO A10,OPPO A12 SLKG,A12SLKGBLK,OPPO A1,Oppo A16,2020-07-28,,,,,,,,,,,,,,,,,
OPPO,,Oppo R11,R11,OPPO R9S,,01-03-2018,,,,,,,,,,,,,,,,,
OPPO,,Oppo R9s Plus,R9s Plus,OPPO R9S,,01-03-2018,,,,,,,,,,,,,,,,,
OPPO,OPPO A3,OPPO A3S,A3S32PUR,OPPO A3,OPPO A5 2020,2017-11-01,,,,,,,,,,,,,,,,,
OPPO,,OPPO N5206,N5206WHT,*NONE,,2018-11-01,,,,,,,,,,,,,,,,,
OPPO,,OPPO FIND7A,FIND7AWHT,OPPO FIND 5,,2018-11-01,,,,,,,,,,,,,,,,,
OPPO,RENO,OPPO RENO,RENO256BLK,OPPO R17 PRO,Oppo Reno 2,2017-11-01,,,,,,,,,,,,,,,,,
OPPO,,OPPO R2001,YOYOWHT,*NONE,,2018-11-01,,,,,,,,,,,,,,,,,
OPPO,,OPPO A77,A77RGD,OPPO A57,,2017-11-01,,,,,,,,,,,,,,,,,
OPPO,,OPPO R9S,R9s,OPPO R7S,,2017-01-01,,,,,,,,,,,,,,,,,
OPPO,,OPPO FIND X2,FINDX2256BLK,OPPO FIND X,,2017-01-01,,,,,,,,,,,,,,,,,
OPPO,,OPPO A73,A73BLK,OPPO FIND 5 YOUTH,,01-03-2018,,,,,,,,,,,,,,,,,
OPPO,,OPPO A73S,A73SRED,OPPO A73,,01-03-2018,,,,,,,,,,,,,,,,,
OPPO,,OPPO A75,A75BLK,*NONE,,01-03-2018,,,,,,,,,,,,,,,,,
OPPO,,Oppo AX5,AX5,OPPO AX5,,01-03-2018,,,,,,,,,,,,,,,,,
OPPO,,OPPO AX5,AX5PNK,OPPO A3S,,01-03-2018,,,,,,,,,,,,,,,,,
OPPO,,OPPO AX5S,AX5SBLK,OPPO A3,,01-03-2018,,,,,,,,,,,,,,,,,
OPPO,,OPPO AX7,AX7BLU,OPPO AX5,,01-03-2018,,,,,,,,,,,,,,,,,
OPPO,,OPPO R11,R11BLK,OPPO R9S,,01-03-2018,,,,,,,,,,,,,,,,,
OPPO,,OPPO R11S,R11SBLK,OPPO R11,,01-03-2018,,,,,,,,,,,,,,,,,
OPPO,,OPPO R11S PLUS,R11SPGLD,OPPO R11S,,01-03-2018,,,,,,,,,,,,,,,,,
OPPO,,OPPO R15,R15PUR,OPPO RENO R11,,01-03-2018,,,,,,,,,,,,,,,,,
OPPO,,OPPO R17,R17PUR,OPPO R15,,01-03-2018,,,,,,,,,,,,,,,,,
OPPO,,OPPO R9 PLUS,R9+64GLD,OPPO R9,,01-03-2018,,,,,,,,,,,,,,,,,
OPPO,,OPPO R9,R9GLD,OPPO r9,,01-03-2018,,,,,,,,,,,,,,,,,
OPPO,,OPPO RENO 10XZ,RENO10XZBLU,OPPO RENO Z,,01-03-2018,,,,,,,,,,,,,,,,,
OPPO,,OPPO RENO Z,RENOZPUR,OPPO RENO ,,01-03-2018,,,,,,,,,,,,,,,,,
OPPO,,OPPO A71,A71BLK,OPPO A57,,2017-11-01,,,,,,,,,,,,,,,,,
OPPO,,Oppo Reno4 Pro,Reno4 Pro,OPPO RENO3 PRO,,2020-06-15,,,,,,,,,,,,,,,,,
OPPO,,Oppo F9 Pro,F9 Pro,OPPO F7,,2018-08-23,,,,,,,,,,,,,,,,,
OPPO,,OPPO FIND N2 FLIP,FINDN2FLIP5G256BLK,OPPO FIND N1 FLIP,,2023-03-02,,,,,,,,,,,,,,,,,
OPPO,,OPPO FIND 7,FIND7BLK,OPPO FIND X6,,2017-01-01,,,,,,,,,,,,,,,,,
OPPO,,OPPO A57,A57,OPPO A37,,2017-11-01,,,,,,,,,,,,,,,,,
OPPO,,Oppo Find X3 Lite,Find X3 Lite,OPPO FIND X2 LITE,,2021-04-15,,,,,,,,,,,,,,,,,
OPPO,,OPPO A83,A83BLK,*OPPO A77,,2017-11-01,,,,,,,,,,,,,,,,,
OPPO,,OPPO RENO 11 PRO,RENO11PRO5G512GRY,OPPO RENO 10 PRO,,,,,,,,,,,,,,,,,,,
OPPO,,Oppo Reno8 Z,Reno8 Z,OPPO RENO 7,,2022-06-15,,,,,,,,,,,,,,,,,
OPPO,,OPPO A17,A1764BLU,OPPO A15,,2022-09-23,,,,,,,,,,,,,,,,,
OPPO,,OPPO R7,R7GLD,OPPO R5,,2017-01-01,,,,,,,,,,,,,,,,,
OPPO,,Oppo A57 4G,A57 4G,OPPO A37,,2022-04-15,,,,,,,,,,,,,,,,,
OPPO,,OPPO FIND X5 PRO,FINDX5PRO5G256WHT,OPPO FIND X4 PRO ,,2022-05-01,,,,,,,,,,,,,,,,,
OPPO,,OPPO R15 PRO,R15PROBLK,OPPO R11S,,2017-01-01,,,,,,,,,,,,,,,,,
OPPO,,Oppo F5/A75,F5/A75,OPPO F3 PLUS,,2022-08-23,,,,,,,,,,,,,,,,,
OPPO,,OPPO F1,F1GLD,*NONE,,2017-01-01,,,,,,,,,,,,,,,,,
OPPO,,OPPO JOY 3,JOY3BLK,OPPO JOY 2,,2017-01-01,,,,,,,,,,,,,,,,,
OPPO,,OPPO A96,A96256BLK,OPPO A95,,2022-04-01,,,,,,,,,,,,,,,,,
OPPO,,Oppo Reno 10x Zoom,Reno 10x Zoom,OPPO RENO 9,,2019-05-15,,,,,,,,,,,,,,,,,
OPPO,,OPPO A17K,A17K364BLU,*NONE,,2022-09-23,,,,,,,,,,,,,,,,,
OPPO,,Oppo Reno7 Z 5G,Reno7 Z 5G,OPPO Reno6 Z 5G,,2022-02-15,,,,,,,,,,,,,,,,,
OPPO,,OPPO A77S,A77S128BLU,OPPO A77,,2022-06-23,,,,,,,,,,,,,,,,,
OPPO,,OPPO A79,A795G256BLK,OPPO A57,,,,,,,,,,,,,,,,,,,
OPPO,,OPPO A57 2022,A5722128GRN,OPPO A56,,2022-06-01,,,,,,,,,,,,,,,,,
OPPO,,OPPO FIND X,FINDXRED,OPPO FIND 7,,2017-01-01,,,,,,,,,,,,,,,,,
OPPO,,OPPO R7 PLUS,R7PGLD,OPPO R5,,2017-01-01,,,,,,,,,,,,,,,,,
OPPO,,OPPO FIND N3 FLIP,FINDN3FLIP5G256BLK,OPPO FIND N2 FLIP,,,,,,,,,,,,,,,,,,,
OPPO,,Oppo A96 5G,A96 5G,OPPO A95 5G,,2022-01-01,,,,,,,,,,,,,,,,,
OPPO,,OPPO RENO 11,RENO115G256GRN,OPPO RENO 10,,,,,,,,,,,,,,,,,,,
OPPO,,OPPO A95,A95128BLK,OPPO A94,,2017-11-01,,,,,,,,,,,,,,,,,
OPPO,,Oppo A74 5G,A74 5G,OPPO A73,,2021-05-15,,,,,,,,,,,,,,,,,
OPPO,,OPPO R17 PRO,R17PRORAD,OPPO R15 PRO,,2017-01-01,,,,,,,,,,,,,,,,,
OPPO,,OPPO A15S,A15S64BLK,OPPO A15,,2021-02-01,,,,,,,,,,,,,,,,,
OPPO,,OPPO RENO 10X,RENO10X256BLK,OPPO RENO 9,,2017-11-01,,,,,,,,,,,,,,,,,
OPPO,,OPPO RENO 10 PRO PLUS,RENO10PROP5G256PUR,OPPO RENO 9 PRO PLUS,,2023-07-06,,,,,,,,,,,,,,,,,
OPPO,,Oppo Reno6 5G,Reno6 5G,OPPO RENO5 5G,,2021-08-05,,,,,,,,,,,,,,,,,
OPPO,,OPPO RENO 10,RENO105G256BLU,OPPO RENO 9,,2023-07-06,,,,,,,,,,,,,,,,,
OPPO,,OPPO R9S PLUS,R9SPGLD,OPPO RENO R9 PLUS,,2017-01-01,,,,,,,,,,,,,,,,,
OPPO,,OPPO A38,A38128BLK,OPPO A37,,2023-09-05,,,,,,,,,,,,,,,,,
OPPO,,OPPO F7 PRO,F7PRO128RED,OPPO F5,,2017-01-01,,,,,,,,,,,,,,,,,
OPPO,,OPPO F5,F5BLK,*NONE,,2017-01-01,,,,,,,,,,,,,,,,,
OPPO,,OPPO F5 SPECIAL EDITION,F5SEBLK,OPPO F5,,2017-01-01,,,,,,,,,,,,,,,,,
OPPO,,Oppo Reno5 F,Reno5 F,OPPO RENO4 F,,2022-10-15,,,,,,,,,,,,,,,,,
OPPO,,OPPO RENO 8,RENO85G256BLK,OPPO RENO 7,,2022-07-01,,,,,,,,,,,,,,,,,
OPPO,,OPPO RENO 7,RENO75G256BLU,OPPO RENO 6,,2022-02-01,,,,,,,,,,,,,,,,,
OPPO,,Oppo Reno5 Pro 5G,Reno5 Pro 5G,OPPO RENO 4 PRO 5G,,2022-10-15,,,,,,,,,,,,,,,,,
OPPO,,Oppo Reno6 Z 5G,Reno6 Z 5G,OPPO RENO5 Z 5G,,2021-08-15,,,,,,,,,,,,,,,,,
OPPO,,OPPO A74,A74128BLK,OPPO F17,,2017-11-01,,,,,,,,,,,,,,,,,
OPPO,,OPPO RENO 8T,RENO8T5G8256GLD,OPPO RENO 7,,2023-02-10,,,,,,,,,,,,,,,,,
OPPO,,OPPO A78,A785G128BLK,OPPO A77,,2023-01-14,,,,,,,,,,,,,,,,,
OPPO,,OPPO RENO 6,RENO65G128ARO,OPPO RENO 5,,2017-11-01,,,,,,,,,,,,,,,,,
OPPO,,OPPO A16K,A16K332BLU,OPPO A16,,2021-11-01,,,,,,,,,,,,,,,,,
OPPO,,OPPO RENO 8Z,RENO8Z5G256BLK,OPPO RENO 7Z,,2022-07-01,,,,,,,,,,,,,,,,,
Oppo,,OPPO RENO 8 PRO,RENO8PRO5G256GRN,OPPO RENO 7 PRO,,2022-07-01,,,,,,,,,,,,,,,,,
Oppo,,OPPO A76,A76128BLK,OPPO A74,,2022-02-01,,,,,,,,,,,,,,,,,
Oppo,,OPPO RENO 3 PRO,RENO3PROBLK,OPPO RENO 3,,,,,,,,,,,,,,,,,,,
Oppo,,OPPO A12E,A12E64RED,OPPO A3S,,2017-11-01,,,,,,,,,,,,,,,,,
Oppo,,OPPO A98,A985G256BLU,OPPO A97 5G,,2023-05-19,,,,,,,,,,,,,,,,,
Oppo,,OPPO F7,F7128RED,OPPO RENO F5,,2017-01-01,,,,,,,,,,,,,,,,,
Oppo,,OPPO RENO 6 PRO,RENO6PRO5G256GRY,OPPO RENO 5 PRO,,2017-11-01,,,,,,,,,,,,,,,,,
Oppo,,OPPO RENO 7 PRO,RENO75G256KGBLK,OPPO RENO 6 PRO 5G,,2021-11-25,,,,,,,,,,,,,,,,,
Oppo,,OPPO  RENO 5F,RENO5F128BLK,OPPO RENO 4F,,2017-11-01,,,,,,,,,,,,,,,,,
Samsung,,SAMSUNG GALAXY A33,GXYA335G128BLU,SAMSUNG GALAXY A32,,2022-03-01,,,,,,,,,,,,,,,,,
Samsung,,Samsung Galaxy Tab A 8.0 (2019),Galaxy Tab A 8.0 (2019),SAMSUNG GALAXY TAB 7.0,,2022-01-15,,,,,,,,,,,,,,,,,
Samsung,,SAMSUNG GALAXY A3 2016,GXYA316BLK,SAMSUNG GALAXY A3 2015,,2018-01-01,,,,,,,,,,,,,,,,,
Samsung,,SAMSUNG GALAXY A30S,GXYA30S64BLK,SAMSUNG GALAXY A30,,2018-01-01,,,,,,,,,,,,,,,,,
Samsung,,Samsung Galaxy A42 5G,Galaxy A42 5G,SAMSUNG GALAXY A41,,2022-03-15,,,,,,,,,,,,,,,,,
Samsung,,Samsung Galaxy S21 5G,Galaxy S21 5G,SAMSUNG GALAXY S20 ,,2021-02-15,,,,,,,,,,,,,,,,,
Samsung,,SAMSUNG GALAXY TAB A8 LITE WIFI,TABA8LWF64GRY,SAMSUNG GALAXY TAB A7 ,,2022-01-17,,,,,,,,,,,,,,,,,
Samsung,,SAMSUNG GALAXY A14,GXYA145G128BLK,SAMSUNG GALAXY A13,,2023-03-15,,,,,,,,,,,,,,,,,
Samsung,,SAMSUNG GALAXY TAB A 8.0,TABA8BLU,SAMSUNG GALAXY TAB A7,,2018-01-01,,,,,,,,,,,,,,,,,
Samsung,,SAMSUNG GALAXY A3,GXYA3GLD,SAMSUNG GALAXY ALPHA,,2018-01-01,,,,,,,,,,,,,,,,,
Samsung,,SAMSUNG GALAXY TAB 7,TAB7128COP,SAMSUNG GALAXY TAB 6,,2018-11-01,,,,,,,,,,,,,,,,,
Samsung,,SAMSUNG GALAXY A5 2017,GXYA517BLK,SAMSUNG GALAXY A5 2016,,2018-01-01,,,,,,,,,,,,,,,,,
Samsung,,SAMSUNG GALAXY A7 2017,GXYA717BLK,SAMSUNG GALAXY A7 2016,,2018-01-01,,,,,,,,,,,,,,,,,
Samsung,,SAMSUNG GALAXY A31,GXYA31128BLU,SAMSUNG GALAXY A30,,2018-01-01,,,,,,,,,,,,,,,,,
Samsung,,Samsung Galaxy J4,Galaxy J4,SAMSUNG GALAXY J3,,2018-01-01,,,,,,,,,,,,,,,,,
Samsung,,SAMSUNG GALAXY A6 2018,GXYA618BLK,SAMSUNG GALAXY A6 2017,,2018-01-01,,,,,,,,,,,,,,,,,
Samsung,,SAMSUNG GALAXY A5,GXYA5BLK,SAMSUNG GALAXY A4,,2018-01-01,,,,,,,,,,,,,,,,,
Samsung,,Samsung Galaxy S21 Ultra 5G,Galaxy S21 Ultra 5G,SAMSUNG GALAXY S20 ULTRA,,2021-02-15,,,,,,,,,,,,,,,,,
Samsung,,SAMSUNG GALAXY A21S,GXYA21S64BLK,SAMSUNG GALAXY A20S,,,,,,,,,,,,,,,,,,,
Samsung,,SAMSUNG GALAXY A5 2016,GXYA516BLK,SAMSUNG GALAXY A5 2015,,2018-01-01,,,,,,,,,,,,,,,,,
Samsung,,SAMSUNG GALAXY J8,GXYJ8BLK,SAMSUNG GALAXY J7,,2018-07-25,,,,,,,,,,,,,,,,,
Samsung,,SAMSUNG GALAXY J4,GXYJ4SLBLK,SAMSUNG GALAXY J3,,2020-01-01,,,,,,,,,,,,,,,,,
Samsung,,SAMSUNG GALAXY A8S,GXYA8SBLK,SAMSUNG GALAXY A8,,2018-11-01,,,,,,,,,,,,,,,,,
Samsung,,SAMSUNG GALAXY A8 PLUS,GXYA8PBLK,SAMSUNG GALAXY A8,,2018-11-01,,,,,,,,,,,,,,,,,
Samsung,,Samsung Galaxy A32 5G,Galaxy A32 5G,SAMSUNG GALAXY A31 ,,2021-03-15,,,,,,,,,,,,,,,,,
Samsung,,SAMSUNG GALAXY A52S,GXYA52S5G256WHT,SAMSUNG GALAXY A52,,2018-01-01,,,,,,,,,,,,,,,,,
Samsung,,SAMSUNG GALAXY A6,GXYA6BLK,SAMSUNG GALAXY A5,,2018-11-01,,,,,,,,,,,,,,,,,
Samsung,,SAMSUNG GALAXY A3 2017,GXYA317GLD,SAMSUNG GALAXY A3 2016,,2018-11-01,,,,,,,,,,,,,,,,,
Samsung,,SAMSUNG GALAXY J7 CORE,GXYJ7CBLK,*NONE ,,2018-11-01,,,,,,,,,,,,,,,,,
Samsung,,SAMSUNG GALAXY A02,GXYA0232BLK,SAMSUNG GALAXY A01,,2018-01-01,,,,,,,,,,,,,,,,,
Samsung,GALAXY S10,SAMSUNG GALAXY S10E,GXYS10E128WHT,SAMSUNG GALAXY S9,GXYS10E128,2020-02-01,,,,,,,,,,,,,,,,,
Samsung,,SAMSUNG GALAXY M31,GXYM31128BLK,SAMSUNG GALAXY M30,,2020-03-15,,,,,,,,,,,,,,,,,
Samsung,,Samsung Galaxy Tab S8 Ultra 5G,Galaxy Tab S8 Ultra 5G,SAMSUNG GALAXY TAB S7,,01-03-2018,,,,,,,,,,,,,,,,,
Samsung,,Samsung Galaxy S23+,Galaxy S23+,SAMSUNG GALAXY S22 PLUS,,17-02-2023,,,,,,,,,,,,,,,,,
Samsung,,Samsung Galaxy A54 5G,Galaxy A54 5G,SAMSUNG GALAXY A53,,24-03-2023,,,,,,,,,,,,,,,,,
Samsung,,SAMSUNG GALAXY TAB S9 ULTRA,TABS9U5G256BGE,SAMSUNG GALAXY TAB S8 ULTRA,,11-08-2023,,,,,,,,,,,,,,,,,
Samsung,,SAMSUNG GALAXY TAB S9,TABS95G128BGE,SAMSUNG GALAXY TAB S8,,11-08-2023,,,,,,,,,,,,,,,,,
Samsung,,Samsung Galaxy Z Fold5,Galaxy Z Fold5,SAMSUNG GALAXY Z FOLD 4,,11-08-2023,,,,,,,,,,,,,,,,,
Samsung,,Samsung Galaxy Watch6 (44mm),Galaxy Watch6 (44mm),SAMSUNG GALAXY WATCH 5 SERIES,,11-08-2023,,,,,,,,,,,,,,,,,
Samsung,,Samsung Galaxy A23 5G,Galaxy A23 5G,SAMSUNG GALAXY A22,,01-03-2018,,,,,,,,,,,,,,,,,
Samsung,,SAMSUNG GALAXY TAB S9 FE,TABS9FE5G128GRY,SAMSUNG GALAXY TAB S8,,11-08-2023,,,,,,,,,,,,,,,,,
Samsung,,Samsung Galaxy A34 5G,Galaxy A34 5G,Samsung Galaxy A33 5G,,24-03-2023,,,,,,,,,,,,,,,,,
Samsung,,Samsung Galaxy Tab,Galaxy Tab,*SAMSUNG GALAXY TAB S,,01-03-2018,,,,,,,,,,,,,,,,,
Samsung,,Samsung Galaxy S23 FE,Galaxy S23 FE,SAMSUNG GALAXY ,,17-02-2023,,,,,,,,,,,,,,,,,
Samsung,,SAMSUNG GALAXY TAB A9 PLUS,TABA9P5G64BLU,SAMSUNG GALAXY TAB A8,,,,,,,,,,,,,,,,,,,
Samsung,,SAMSUNG GALAXY TAB S9 FE PLUS,TABS9FEP5G128SIL,SAMSUNG GALAXY TAB S8,,,,,,,,,,,,,,,,,,,
Samsung,,GALAXY WATCH 5 44MM,GW544LTEGRP,GALAXY WATCH 4,,26-08-2022,,,,,,,,,,,,,,,,,
Samsung,,SAMSUNG GALAXY S24,GXYS245G256BLK,SAMSUNG GALAXY S23,,,,,,,,,,,,,,,,,,,
Samsung,,SAMSUNG GALAXY S24 PLUS,GXYS24P5G256GRY,SAMSUNG GALAXY S23 PLUS,,,,,,,,,,,,,,,,,,,
Samsung,,SAMSUNG GALAXY A25,GXYA255G8256BLU,SAMSUNG GALAXY A24,,,,,,,,,,,,,,,,,,,
Samsung,,Samsung Galaxy A05,Galaxy A05,SAMSUNG GALAXY A04,,2023-10-01,,,,,,,,,,,,,,,,,
Samsung,,SAMSUNG GALAXY A05S,GXYA05S128BLK,SAMSUNG GALAXY A04,,2023-10-01,,,,,,,,,,,,,,,,,
Samsung,GALAXY A02,SAMSUNG GALAXY A02S,GXYA02S64BLU,SAMSUNG GALAXY A01,Samsung Galaxy A03,2018-01-01,,,,,,,,,,,,,,,,,
Samsung,GALAXY NOTE 20,SAMSUNG GALAXY NOTE 20 ULTRA,NOTE20U256BLK,SAMSUNG GALAXY NOTE 10 PLUS ,SAMSUNG GALAXY NOTE 20 ULTRA 5G,2020-08-01,,,,,,,,,,,,,,,,,
Samsung,GALAXY S10,SAMSUNG GALAXY S10 PLUS,GXYS10P128BLK,SAMSUNG GALAXY S9 PLUS,GXYS10+,2020-02-01,,,,,,,,,,,,,,,,,
Samsung,,SAMSUNG GALAXY A72,GXYA72256BLU,SAMSUNG GALAXY A71,,2018-01-01,,,,,,,,,,,,,,,,,
Samsung,,SAMSUNG 1200Y,E1200YBLK,*NONE,,2018-01-01,,,,,,,,,,,,,,,,,
Samsung,,Samsung Galaxy Note20 5G,Galaxy Note20 5G,SAMSUNG GALAXY NOTE 10 ,,2020-08-15,,,,,,,,,,,,,,,,,
Samsung,,Samsung Galaxy Note20 Ultra 5G,Galaxy Note20 Ultra 5G,SAMSUNG GALAXY NOTE 10 PLUS ,,2020-08-15,,,,,,,,,,,,,,,,,
Samsung,,Samsung Galaxy S21+ 5G,Galaxy S21+ 5G,SAMSUNG GALAXY S20 PLUS ,,2021-02-15,,,,,,,,,,,,,,,,,
Samsung,,SAMSUNG GALAXY A24,GXYA24128BLK,SAMSUNG GALAXY A23,,2023-04-19,,,,,,,,,,,,,,,,,
Samsung,,SAMSUNG GALAXY A01,GXYA01BLK,*NONE,,2018-01-01,,,,,,,,,,,,,,,,,
Samsung,,SAMSUNG GALAXY A73,GXYA735G256GRY,SAMSUNG GALAXY A72,,2022-04-01,,,,,,,,,,,,,,,,,
Samsung,,SAMSUNG GALAXY TAB T835N,TABT835N64BLK,*NONE,,2018-11-01,,,,,,,,,,,,,,,,,
Samsung,,SAMSUNG GALAXY A8 2018,GXYA818BLK,SAMSUNG GALAXY A5,,2018-01-01,,,,,,,,,,,,,,,,,
Samsung,,SAMSUNG GALAXY S7,GXYS732BLK,SAMSUNG GALAXY S6,,2020-02-01,,,,,,,,,,,,,,,,,
Samsung,,SAMSUNG GALAXY TABS2 VE,TABS2VE8GLD,SAMSUNG GALAXY TAB S,,2018-11-01,,,,,,,,,,,,,,,,,
Samsung,,SAMSUNG GALAXY TAB S 10.5,T805GLD,SAMSUNG GALAXY TAB 4 10.1,,2018-11-01,,,,,,,,,,,,,,,,,
Samsung,,SAMSUNG GALAXY TAB 3V,T116NBLK,SAMSUNG GALAXY TAB S2,,2018-11-01,,,,,,,,,,,,,,,,,
Samsung,,SAMSUNG GALAXY TAB A 8,P355WHT,SAMSUNG TAB A 7,,2018-11-01,,,,,,,,,,,,,,,,,
Samsung,,SAMSUNG GALAXY NOTE 4,N910CWHT,SAMSUNG GALAXY NOTE 3,,2019-09-27,,,,,,,,,,,,,,,,,
Samsung,,SAMSUNG GALAXY E5,E500HBLK,*NONE,,2018-11-01,,,,,,,,,,,,,,,,,
Samsung,,SAMSUNG GALAXY S6 EDGE PLUS,GXYS6EPBLK,SAMSUNG GALAXY S5,,2020-02-01,,,,,,,,,,,,,,,,,
Samsung,,SAMSUNG GALAXY J1 V2,GXYJ1V2BLK,*SAMSUNG GALAXY ACE 4,,2018-11-01,,,,,,,,,,,,,,,,,
Samsung,,SAMSUNG GALAXY J1 4G,GXYJ14GGLD,*SAMSUNG GALAXY ACE 4,,2018-11-01,,,,,,,,,,,,,,,,,
Samsung,,SAMSUNG GALAXY MEGA 2,G750FBLK,SAMSUNG GALAXY MEGA,,2018-11-01,,,,,,,,,,,,,,,,,
Samsung,,SAMSUNG GALAXY GRAND PRIME,G530FGLD,SAMSUNG GALAXY CORE PRIME,,2018-11-01,,,,,,,,,,,,,,,,,
Samsung,,SAMSUNG GALAXY E7,E700FBLK,SAMSUNG GALAXY A11,,2018-11-01,,,,,,,,,,,,,,,,,
Samsung,,SAMSUNG GALAXY B109H,B109HBLK,*NONE,,2018-11-01,,,,,,,,,,,,,,,,,
Samsung,,SAMSUNG GALAXY V PLUS,GXYVPBLK,SAMSUNG GALAXY 4,,2018-11-01,,,,,,,,,,,,,,,,,
Samsung,,SAMSUNG GALAXY ACE 4,G316HWHT,SAMSUNG GALAXY ACE 3,,2018-11-01,,,,,,,,,,,,,,,,,
Samsung,,SAMSUNG GALAXY S8,GXYS8BLU,SAMSUNG GALAXY S7,,2020-02-01,,,,,,,,,,,,,,,,,
Samsung,,SAMSUNG GALAXY S9,GXYS964BLK,SAMSUNG GALAXY S8,,2020-02-01,,,,,,,,,,,,,,,,,
Samsung,,SAMSUNG GALAXY TAB 7 PLUS,TAB7P128COP,*SAMSUNG GALAXY TAB 6,,2018-11-01,,,,,,,,,,,,,,,,,
Samsung,,SAMSUNG GALAXY TAB A 7.0,TABA764GLD,SAMSUNG GALAXY 9.7,,2018-11-01,,,,,,,,,,,,,,,,,
Samsung,,SAMSUNG GALAXY A52SN,GXYA52SN5G128GRN,SAMSUNG GALAXY A51,,2021-11-08,,,,,,,,,,,,,,,,,
Samsung,,SAMSUNG GALAXY A126,GXYA126128BLK,*NONE,,2020-01-01,,,,,,,,,,,,,,,,,
Samsung,,SAMSUNG GALAXY TAB S2 8.0 4G,TABS28GLD,SAMSUNG GALAXY S,,2018-01-01,,,,,,,,,,,,,,,,,
Samsung,,SAMSUNG GALAXY TAB A 8.0 2019,TABA819BLK,SAMSUNG GALAXY TAB A 10.5 2018,,2018-01-01,,,,,,,,,,,,,,,,,
Samsung,,SAMSUNG GALAXY TAB 3 LITE,TAB3LITEBLK,SAMSUNG GALAXY TAB 3 10.1,,2018-01-01,,,,,,,,,,,,,,,,,
Samsung,,SAMSUNG GALAXY TAB T59N,TABT59N32GRY,*NONE,,2018-11-01,,,,,,,,,,,,,,,,,
Samsung,,SAMSUNG GALAXY TAB 3 7.0,TAB37WHT,SAMSUNG GALAXY TAB 2 10.1,,2018-01-01,,,,,,,,,,,,,,,,,
Samsung,,SAMSUNG GALAXY NOTE FAN EDITION,NOTEFE64BLU,SAMSUNG GALAXY NOTE 7,,2020-08-01,,,,,,,,,,,,,,,,,
Samsung,,SAMSUNG GALAXY NOTE EDGE,NOTEEBLK,SAMSUNG GALAXY NOTE 4,,2020-08-01,,,,,,,,,,,,,,,,,
Samsung,,SAMSUNG GALAXY DUOS2,GLXYSDU2BLK,SAMSUNG GALAXY DUOS,,2018-11-01,,,,,,,,,,,,,,,,,
Samsung,,SAMSUNG GALAXY WIN,GLXYWINWHT,*SAMSUNG GALAXY WIN DUOS,,2018-11-01,,,,,,,,,,,,,,,,,
Samsung,,SAMSUNG GALAXY S9 PLUS,GXYS9P128BLK,SAMSUNG GALAXY S8 PLUS,,2020-02-01,,,,,,,,,,,,,,,,,
Samsung,,SAMSUNG GALAXY A8I,A800IGLD,SAMSUNG GALAXY A8,,2020-01-01,,,,,,,,,,,,,,,,,
Samsung,,SAMSUNG GALAXY A8F,A800FBLK,SAMSUNG GALAXY A8,,2018-11-01,,,,,,,,,,,,,,,,,
Samsung,,SAMSUNG GALAXY A700F,A700FBLK,SAMSUNG GALAXY A7 2016,,2020-01-25,,,,,,,,,,,,,,,,,
Samsung,,Samsung Galaxy S20 Ultra 5G,Galaxy S20 Ultra 5G,SAMSUNG GALAXY S10,,2020-02-15,,,,,,,,,,,,,,,,,
Samsung,,SAMSUNG GALAXY J4 2018,GXYJ418BLK,SAMSUNG GALAXY J3 2017,,2018-01-01,,,,,,,,,,,,,,,,,
Samsung,,Samsung Galaxy Note 10+,Galaxy Note 10+,SAMSUNG GALAXY NOTE 10,,2021-03-15,,,,,,,,,,,,,,,,,
Samsung,,Samsung Galaxy S20+,Galaxy S20+,SAMSUNG GALAXY S10 PLUS,,2020-02-15,,,,,,,,,,,,,,,,,
Samsung,,SAMSUNG GALAXY M23,GXYM235G128GRN,SAMSUNG GALAXY M22,,2022-04-01,,,,,,,,,,,,,,,,,
Samsung,,SAMSUNG GALAXY J3 2016,GXYJ316BLK,SAMSUNG GALAXY J2,,2018-01-01,,,,,,,,,,,,,,,,,
Samsung,,SAMSUNG GALAXY J2,GXYJ2BLK,SAMSUNG GALAXY J1,,2018-01-01,,,,,,,,,,,,,,,,,
Samsung,,SAMSUNG GALAXY A20S,GXYA20SRED,SAMSUNG GALAXY A20,,2018-01-01,,,,,,,,,,,,,,,,,
Samsung,,SAMSUNG GALAXY TAB S6 LITE 2022,TABS6L2264GRY,SAMSUNG GALAXY TAB S6,,2022-05-14,,,,,,,,,,,,,,,,,
Samsung,,SAMSUNG GALAXY TAB S6 LITE,TABS6L64BLU,SAMSUNG GALAXY TAB S5e,,2020-11-12,,,,,,,,,,,,,,,,,
Samsung,,SAMSUNG GALAXY CORE PRIME,GXYCOREPBLK,*NONE,,2018-01-01,,,,,,,,,,,,,,,,,
Samsung,,SAMSUNG GALAXY C9 PRO,GXYC9PGLD,SAMSUNG GALAXY C8,,2018-01-01,,,,,,,,,,,,,,,,,
Samsung,,SAMSUNG GALAXY A9 PRO 2016,GXYA9P16BLK,SAMSUNG GALAXY A9,,2018-01-01,,,,,,,,,,,,,,,,,
Samsung,,SAMSUNG GALAXY A710F,A710FGLD,SAMSUNG GALAXY A7,,2018-11-01,,,,,,,,,,,,,,,,,
Samsung,,SAMSUNG GALAXY A8,GXYA8BLK,SAMSUNG GALAXY A7,,2018-01-01,,,,,,,,,,,,,,,,,
Samsung,,Samsung Galaxy A52s 5G,Galaxy A52s 5G,Samsung Galaxy A51,,2021-03-15,,,,,,,,,,,,,,,,,
Samsung,,SAMSUNG GALAXY A7,GXYA7BLK,SAMSUNG GALAXY A6 2017,,2018-01-01,,,,,,,,,,,,,,,,,
Samsung,,SAMSUNG GALAXY J5 2016,GXYJ516BLK,SAMSUNG GALAXY J4,,2018-01-01,,,,,,,,,,,,,,,,,
Samsung,,SAMSUNG GALAXY J5 PRO,GXYJ5PROBLK,SAMSUNG GALAXY J4,,2018-01-01,,,,,,,,,,,,,,,,,
Samsung,,SAMSUNG GALAXY S6 EDGE,GXYS6E32BLK,SAMSUNG GALAXY S5,,2020-02-01,,,,,,,,,,,,,,,,,
Samsung,,Samsung Galaxy S10+,Galaxy S10+,SAMSUNG GALAXY S9,,2019-02-15,,,,,,,,,,,,,,,,,
Samsung,,SAMSUNG GALAXY J8 2018,GXYJ818BLK,SAMSUNG GALAXY J7,,,,,,,,,,,,,,,,,,,
Samsung,,SAMSUNG GALAXY A6 PLUS 2018,GXYA6P18BLK,SAMSUNG GALAXY A5,,2018-01-01,,,,,,,,,,,,,,,,,
Samsung,,SAMSUNG GALAXY J7 PLUS,GXYJ7PLUSBLK,SAMSUNG GALAXY J7,,2018-01-01,,,,,,,,,,,,,,,,,
Samsung,,SAMSUNG GALAXY A8 PLUS 2018,GXYA8P18GRY,SAMSUNG GALAXY A7,,2018-01-01,,,,,,,,,,,,,,,,,
Samsung,,SAMSUNG GALAXY J1 MINI PRIME,GXYJ1MPGLD,SAMSUNG GALAXY J1,,2018-01-01,,,,,,,,,,,,,,,,,
Samsung,,SAMSUNG GALAXY J1 MINI,J1MINIBLK,SAMSUNG GALAXY J1,,2018-01-01,,,,,,,,,,,,,,,,,
Samsung,,SAMSUNG GALAXY S6,GXYS632BLU,SAMSUNG GALAXY S5,,2020-02-01,,,,,,,,,,,,,,,,,
Samsung,,SAMSUNG GALAXY S5,GXYS516WHT,SAMSUNG GALAXY S4,,2020-02-01,,,,,,,,,,,,,,,,,
Samsung,,SAMSUNG GALAXY J7 PRIME,GXYJ7PGLD,SAMSUNG GALAXY J6 ,,2018-01-01,,,,,,,,,,,,,,,,,
Samsung,,SAMSUNG GALAXY TAB S8 ULTRA,TABS8UWF128BLK,SAMSUNG GALAXY TAB S7 PLUS,,2022-02-09,,,,,,,,,,,,,,,,,
Samsung,,SAMSUNG GALAXY J7,GXYJ7BLK,SAMSUNG GALAXY J6 ,,2018-01-01,,,,,,,,,,,,,,,,,
Samsung,,SAMSUNG GALAXY J7 2016,GXYJ716BLK,SAMSUNG GALAXY J6 ,,2018-01-01,,,,,,,,,,,,,,,,,
Samsung,,SAMSUNG GALAXY J6 2018,GXYJ618BLK,SAMSUNG GALAXY J5 ,,2018-01-01,,,,,,,,,,,,,,,,,
Samsung,,SAMSUNG GALAXY J5 PRIME,GXYJ5PBLK,SAMSUNG GALAXY J2,,2018-01-01,,,,,,,,,,,,,,,,,
Samsung,,SAMSUNG GALAXY J3 PRO,GXYJ3PROGLD,SAMSUNG GALAXY J3,,2018-01-01,,,,,,,,,,,,,,,,,
Samsung,,Samsung Galaxy Watch6 Classic (47mm),Galaxy Watch6 Classic (47mm),SAMSUNG GALAXY WATCH 5 SERIES,,11-08-2023,,,,,,,,,,,,,,,,,
Samsung,,SAMSUNG GALAXY TAB S 10.5 LTE,TABSLT10TBRN,SAMSUNG GALAXY TAB S 8.4,,01-03-2018,,,,,,,,,,,,,,,,,
Samsung,,SAMSUNG GALAXY A3 4G,GXYA34GBLK,SAMSUNG GALAXY ALPHA,,01-03-2018,,,,,,,,,,,,,,,,,
Samsung,,SAMSUNG GALAXY A5 4G,GXYA54GBLK,SAMSUNG GALAXY A4,,01-03-2018,,,,,,,,,,,,,,,,,
Samsung,,SAMSUNG GALAXY NOTE 5,NOTE5GLD,SAMSUNG GALAXY NOTE 4,,2020-08-01,,,,,,,,,,,,,,,,,
Samsung,,SAMSUNG GALAXY NOTE 4 4G PLUS,NOTE44G+32BLK,SAMSUNG GALAXY NOTE 3,,01-03-2018,,,,,,,,,,,,,,,,,
Samsung,,SAMSUNG GALAXY TAB A 9.7 LTE,TABA9LTEWHT,SAMSUNG GALAXY TAB A 8.0 LTE,,01-03-2018,,,,,,,,,,,,,,,,,
Samsung,,SAMSUNG GALAXY TAB S2 8.0 2016,TABS2816BLK,SAMSUNG GALAXY TAB S,,01-03-2018,,,,,,,,,,,,,,,,,
Samsung,,SAMSUNG GALAXY WATCH ACTIVE 2 44MM,W44ACTIVE2BLK,SAMSUNG GALAXY WATCH ACTIVE,,01-03-2018,,,,,,,,,,,,,,,,,
Samsung,,SAMSUNG GALAXY TAB S2 9.7 2016,TABS29716BLK,SAMSUNG GALAXY TAB S 10.5 LTE,,01-03-2018,,,,,,,,,,,,,,,,,
Samsung,,SAMSUNG GALAXY TAB S2 9.7 4G,TABS297BLK,SAMSUNG GALAXY TAB S 10.5 LTE,,01-03-2018,,,,,,,,,,,,,,,,,
Samsung,,SAMSUNG GALAXY TAB S 8.4 LTE,TABSLT8DWHT,SAMSUNG GALAXY TAB S 10.5 LTE,,01-03-2018,,,,,,,,,,,,,,,,,
Samsung,,Samsung Galaxy A30s,Galaxy A30s,SAMSUNG GALAXY A24,,01-03-2018,,,,,,,,,,,,,,,,,
Samsung,GALAXY NOTE 20,SAMSUNG GALAXY NOTE 20,N20256GRN,SAMSUNG GALAXY NOTE 10,SAMSUNG GALAXY Z FLIP 3,21-08-2020,,,,,,,,,,,,,,,,,
Samsung,,Samsung Galaxy Note10+,Galaxy Note10+,SAMSUNG GALAXY NOTE 9,,23-08-2019,,,,,,,,,,,,,,,,,
Samsung,,SAMSUNG GALAXY TAB 4 7.0 LTE,GTAB47LTEWT,SAMSUNG GALAXY TAB 3 LITE 7.0,,01-03-2018,,,,,,,,,,,,,,,,,
Samsung,,Samsung Galaxy J2 Pro,Galaxy J2 Pro,SAMSUNG GALAXY J1,,01-03-2018,,,,,,,,,,,,,,,,,
Samsung,,Samsung Galaxy Tab 4 7.0 LTE,Galaxy Tab 4 7.0 LTE,SAMSUNG GALAXY TAB 3 LITE 7.0,,01-03-2018,,,,,,,,,,,,,,,,,
Samsung,,Samsung Galaxy S5,Galaxy S5,SAMSUNG GALAXY S4,,01-03-2018,,,,,,,,,,,,,,,,,
Samsung,,Samsung Galaxy A5 (2016),Galaxy A5 (2016),SAMSUNG GALAXY A5 2016,,01-03-2016,,,,,,,,,,,,,,,,,
Samsung,,SAMSUNG GALAXY TAB A9,TABA9464GRP,SAMSUNG GALAXY TAB A8,,,,,,,,,,,,,,,,,,,
Samsung,,SAMSUNG GALAXY S24 ULTRA,GXYS24U5G512BLK,SAMSUNG GALAXY S23 ULTRA,,,,,,,,,,,,,,,,,,,
Samsung,,SAMSUNG GALAXY A15,GXYA155G256BLK,SAMSUNG GALAXY ,,,,,,,,,,,,,,,,,,,
Samsung,,Samsung Galaxy Note20,Galaxy Note20,SAMSUNG GALAXY A14,,01-08-2020,,,,,,,,,,,,,,,,,
Samsung,,SAMSUNG GALAXY J2 PRIME,GXYJ2PGLD,SAMSUNG GALAXY J1,,2018-01-01,,,,,,,,,,,,,,,,,
Samsung,,Samsung Galaxy A13 4G,Galaxy A13 4G,SAMSUNG GALAXY A12,,2022-03-15,,,,,,,,,,,,,,,,,
Samsung,,SAMSUNG GALAXY TAB S23 FE,GXYS23FE5G256CRM,SAMSUNG GALAXY TAB S21 FE,,,,,,,,,,,,,,,,,,,
Samsung,,Samsung Galaxy A8 Duos,Galaxy A8 Duos,SAMSUNG GALAXY A8,,01-03-2018,,,,,,,,,,,,,,,,,
Samsung,,Samsung Galaxy Z Flip3 5G,Samsung Galaxy Z Flip3 5G,SAMSUNG GALAXY Z FLIP,,11-08-2021,,,,,,,,,,,,,,,,,
Samsung,,Samsung Galaxy Note 2 LTE,Galaxy Note 2 LTE,SAMSUNG GALAXY NOTE ,,01-03-2018,,,,,,,,,,,,,,,,,
Samsung,,SAMSUNG GALAXY J5,GXYJ5GLD,SAMSUNG GALAXY J4,,2018-01-01,,,,,,,,,,,,,,,,,
Samsung,,Samsung Galaxy Note 3 4G LTE,Galaxy Note 3 4G LTE,Samsung Galaxy Note 2 LTE,,01-03-2018,,,,,,,,,,,,,,,,,
Samsung,,SAMSUNG GALAXY J1 ACE,J1ACEBLU,SAMSUNG GALAXY J1,,2018-01-01,,,,,,,,,,,,,,,,,
Samsung,,Samsung Galaxy Note 5 LTE-A,Galaxy Note 5 LTE-A,SAMSUNG GALAXY NOTE 4,,01-03-2018,,,,,,,,,,,,,,,,,
Samsung,,SAMSUNG GALAXY A05,GXYA05128GRN,SAMSUNG GALAXY A04,,,,,,,,,,,,,,,,,,,
Samsung,GALAXY FOLD,Samsung Galaxy Fold,Galaxy Fold,SAMSUNG GALAXY Z FOLD 3,SAMSUNG GALAXY S10 LITE,01-03-2018,,,,,,,,,,,,,,,,,
Samsung,,Samsung Galaxy Tab 10.1 (LTE),Galaxy Tab 10.1 (LTE),SAMSUNG GALAXY TAB 8.9,,01-03-2018,,,,,,,,,,,,,,,,,
Samsung,,Samsung Galaxy A33 5G,Galaxy A33 5G,SAMSUNG GALAXY A32,,2022-10-15,,,,,,,,,,,,,,,,,
Samsung,,Samsung Galaxy A7 (2018),Galaxy A7 (2018),SAMSUNG GALAXY A6 2017,,01-03-2018,,,,,,,,,,,,,,,,,
Samsung,,SAMSUNG GALAXY GRAND 2,GXYGRD2BLK,SAMSUNG GALAXY GRAND,,01-03-2018,,,,,,,,,,,,,,,,,
Samsung,,SAMSUNG GALAXY A53,GXYA535G256BLU,SAMSUNG GALAXY A52,,2022-03-15,,,,,,,,,,,,,,,,,
Samsung,,Samsung Galaxy A8 Star,Galaxy A8 Star,SAMSUNG GALAXY A8 2016,,01-03-2018,,,,,,,,,,,,,,,,,
Samsung,,SAMSUNG GALAXY TAB A 10.1 2019,TABA10132SIL,SAMSUNG GALAXY TAB A 9.7 2017,,01-03-2018,,,,,,,,,,,,,,,,,
Samsung,,SAMSUNG GALAXY A23,GXYA23128BLK,SAMSUNG GALAXY A22,,,,,,,,,,,,,,,,,,,
Samsung,GALAXY FOLD,SAMSUNG GALAXY FOLD,GSFLD512SIL,SAMSUNG GALAXY NOTE 9,SAMSUNG GALAXY S10 LITE,01-03-2018,,,,,,,,,,,,,,,,,
Samsung,,Samsung Galaxy A52 4G,Galaxy A52 4G,SAMSUNG GALAXY A51,,2021-03-15,,,,,,,,,,,,,,,,,
Samsung,,SAMSUNG GALAXY A54,GXYA545G256GRN,SAMSUNG GALAXY A53,,2023-04-07,,,,,,,,,,,,,,,,,
Samsung,,Samsung Galaxy A8 (2018),Galaxy A8 (2018),SAMSUNG GALAXY A53,,01-03-2018,,,,,,,,,,,,,,,,,
Samsung,,SAMSUNG GALAXY A04S,GXYA04S128BLK,SAMSUNG GALAXY A03,,2022-09-22,,,,,,,,,,,,,,,,,
Samsung,,SAMSUNG GALAXY ACE 3,ACE3BLK,SAMSUNG GALAXY ACE 2,,01-03-2018,,,,,,,,,,,,,,,,,
Samsung,,Samsung Galaxy Tab S3 9.7,Galaxy Tab S3 9.7,SAMSUNG GALAXY S2 9.7,,01-03-2018,,,,,,,,,,,,,,,,,
Samsung,,Samsung Galaxy J7 Plus,Galaxy J7 Plus,SAMSUNG GALAXY J6 PLUS,,01-03-2018,,,,,,,,,,,,,,,,,
Samsung,,Samsung Galaxy Tab A 7.0,Galaxy Tab A 7.0,SAMSUNG GALAXY TAB A 9.7,,01-03-2018,,,,,,,,,,,,,,,,,
Samsung,,SAMSUNG GALAXY A34,GXYA345G256GRP,SAMSUNG GALAXY A33,,2023-04-07,,,,,,,,,,,,,,,,,
Samsung,,SAMSUNG GALAXY ACE 4 LTE NON-CAM,ACE4LTEBLK,SAMSUNG GALAXY ACE 3,,01-03-2018,,,,,,,,,,,,,,,,,
Samsung,,SAMSUNG K ZOOM LTE,GXYKZMLTEWT,SAMSUNG GALAXY S4 ZOOM,,01-03-2018,,,,,,,,,,,,,,,,,
Samsung,,SAMSUNG GALAXY VIEW,GXYVIEW18BK,SAMSUNG ,,01-03-2018,,,,,,,,,,,,,,,,,
Samsung,,Samsung Galaxy Tab S4 10.5,Galaxy Tab S4 10.5,SAMSUNG GALAXY TAB S3,,01-03-2018,,,,,,,,,,,,,,,,,
Samsung,,SAMSUNG GALAXY TAB S7,TABS7256BRZ,SAMSUNG GALAXY TAB S6,,01-03-2018,,,,,,,,,,,,,,,,,
Samsung,,Samsung Galaxy A8+,Galaxy A8+,SAMSUNG GALAXY A7,,01-03-2018,,,,,,,,,,,,,,,,,
Samsung,,Samsung Galaxy J7 Duo,Galaxy J7 Duo,Samsung Galaxy J6,,01-03-2018,,,,,,,,,,,,,,,,,
Samsung,,Samsung Galaxy S9 Plus,Galaxy S9 Plus,SAMSUNG GALAXY S8 PLUS,,16-03-2018,,,,,,,,,,,,,,,,,
Samsung,,SAMSUNG GALAXY TAB S5E,GXYTABS5e128BLK,SAMSUNG GALAXY TAB S4,,01-03-2018,,,,,,,,,,,,,,,,,
Samsung,,SAMSUNG GALAXY S5 4G PLUS,GXYS54G+BLK,SAMSUNG GALAXY S4,,01-03-2018,,,,,,,,,,,,,,,,,
Samsung,,Samsung Galaxy S4 LTE,Galaxy S4 LTE,SAMSUNG GALAXY S3,,01-03-2018,,,,,,,,,,,,,,,,,
Samsung,,SAMSUNG GALAXY S4,GLXYS4BLK,SAMSUNG GALAXY S3,,01-03-2018,,,,,,,,,,,,,,,,,
Samsung,,Samsung Galaxy S9,Galaxy S9,SAMSUNG GALAXY S8,,16-03-2018,,,,,,,,,,,,,,,,,
Samsung,,SAMSUNG GALAXY M14,GXYM145G128BLU,SAMSUNG GALAXY ,,2023-05-24,,,,,,,,,,,,,,,,,
Samsung,,SAMSUNG GALAXY TAB S7 FE,TABS7FE5G64GRN,SAMSUNG GALAXY TAB S6,,18-09-2021,,,,,,,,,,,,,,,,,
Samsung,,SAMSUNG GALAXY TAB S7 PLUS,TABS7P5G256BRZ,SAMSUNG GALAXY TAB S6 PLUS,,01-03-2018,,,,,,,,,,,,,,,,,
Samsung,,SAMSUNG GALAXY TAB 3 8.0,TAB38WHT,SAMSUNG GALAXY TAB 3 7.0,,01-03-2018,,,,,,,,,,,,,,,,,
Samsung,,SAMSUNG GALAXY M21,GXYM2164BLU,SAMSUNG GALAXY M20,,01-03-2018,,,,,,,,,,,,,,,,,
Samsung,,SAMSUNG GALAXY A8 STAR,A8STARWHT,SAMSUNG GALAXY A8 PLUS,,01-03-2018,,,,,,,,,,,,,,,,,
Samsung,,Samsung Galaxy Note 4,Galaxy Note 4,SAMSUNG GALAXY NOTE 3,,01-03-2018,,,,,,,,,,,,,,,,,
Samsung,,SAMSUNG GALAXY TAB S8 PLUS,TABS8P5G256RGD,SAMSUNG GALAXY TAB S7,,18-09-2021,,,,,,,,,,,,,,,,,
Samsung,,SAMSUNG GALAXY S5 LTE,GXYS5LTEBLK,SAMSUNG GALAXY S4 LTE,,01-03-2018,,,,,,,,,,,,,,,,,
Samsung,,SAMSUNG GALAXY S4 LTE,GXYS4LTE+WT,SAMSUNG GALAXY S3 LTE,,01-03-2018,,,,,,,,,,,,,,,,,
Samsung,,SAMSUNG GALAXY 4G PLUS,GXYS44G+BLK,SAMSUNG GALAXY S3,,01-03-2018,,,,,,,,,,,,,,,,,
Samsung,,SAMSUNG GALAXY S3 LTE,GXYS3GRY,SAMSUNG GALAXY S4,,01-03-2018,,,,,,,,,,,,,,,,,
Samsung,,SAMSUNG GALAXY S5 CAT6,GS54G+16BLK,SAMSUNG GALAXY S4,,01-03-2018,,,,,,,,,,,,,,,,,
Samsung,,SAMSUNG GALAXY TAB S4,TABS4256BLK,SAMSUNG GALAXY TAB S3,,01-03-2018,,,,,,,,,,,,,,,,,
Samsung,,Samsung Galaxy S8,Galaxy S8,SAMSUNG GALAXY S7,,01-03-2018,,,,,,,,,,,,,,,,,
Samsung,,Samsung Galaxy S22 5G,Galaxy S22 5G,SAMSUNG GALAXY S121,,25-02-2022,,,,,,,,,,,,,,,,,
Samsung,,Samsung Galaxy Tab S8+ 5G,Galaxy Tab S8+ 5G,SAMSUNG GALAXY TAB S7 PLUS,,01-03-2018,,,,,,,,,,,,,,,,,
Samsung,,Samsung Galaxy S21 FE 5G,Galaxy S21 FE 5G,SAMSUNG GALAXY S20 FE 5G,,11-01-2022,,,,,,,,,,,,,,,,,
Samsung,,Samsung Galaxy S7 Edge,Galaxy S7 Edge,SAMSUNG GALAXY S6,,01-03-2018,,,,,,,,,,,,,,,,,
Samsung,,Samsung Galaxy S7,Galaxy S7,SAMSUNG GALAXY S6,,01-03-2018,,,,,,,,,,,,,,,,,
Samsung,,Samsung Galaxy J7 Prime/Galaxy On7 Prime,Galaxy J7 Prime/Galaxy On7 Prime,SAMSUNG GALAXY J6,,01-03-2018,,,,,,,,,,,,,,,,,
Samsung,,SAMSUNG GALAXY NOTE 2,NOTE2GRY,SAMSUNG GALAXY NOTE 2,,01-03-2018,,,,,,,,,,,,,,,,,
Samsung,,SAMSUNG GALAXY J7 DUO,J7DUOBLU,SAMSUNG GALAXY J6,,01-03-2018,,,,,,,,,,,,,,,,,
Samsung,,Samsung Galaxy A53 5G,Galaxy A53 5G,Samsung Galaxy A52 5G,,01-03-2018,,,,,,,,,,,,,,,,,
Samsung,,Samsung Galaxy Z Fold3 5G,Galaxy Z Fold3 5G,SAMSUNG GALAXY Z F,,27-08-2021,,,,,,,,,,,,,,,,,
Samsung,,Samsung Galaxy Tab S7 FE 5G,Galaxy Tab S7 FE 5G,SAMSUNG GALAXY TAB S6,,18-06-2021,,,,,,,,,,,,,,,,,
Samsung,,SAMSUNG GALAXY TAB A 7.0 2016,TABA716SIL,SAMSUNG GALAXY TAB A 9.7,,2018-01-01,,,,,,,,,,,,,,,,,
Samsung,,SAMSUNG GALAXY TAB A 10.1 2016,TABA1016SPBLK,SAMSUNG GALAXY TAB A 10.1,,01-03-2018,,,,,,,,,,,,,,,,,
Samsung,,Samsung Galaxy A22 5G,Galaxy A22 5G,SAMSUNG GALAXY A21 5G,,01-03-2018,,,,,,,,,,,,,,,,,
Samsung,,SAMSUNG GALAXY TAB A8 10.5 2021,TABA81052164RGD,SAMSUNG GALAXY TAB A7,,17-01-2022,,,,,,,,,,,,,,,,,
Samsung,,SAMSUNG GALAXY TAB S8,TABS85G256RGD,SAMSUNG GALAXY TAB S7,,18-09-2021,,,,,,,,,,,,,,,,,
Samsung,,Samsung Galaxy Tab A8 10.5 LTE,Galaxy Tab A8 10.5 LTE,SAMSUNG GALAXY TAB A8,,17-01-2022,,,,,,,,,,,,,,,,,
Samsung,,SAMSUNG GALAXY A04,GXYA04464COP,SAMSUNG GALAXY A03,,2022-08-15,,,,,,,,,,,,,,,,,
Samsung,,SAMSUNG GALAXY J1 2016,GXYJ116GLD,SAMSUNG GALAXY ACE 4,,2018-01-01,,,,,,,,,,,,,,,,,
Samsung,,SAMSUNG GALAXY TAB A 10.5 2018,TABA105BLU,SAMSUNG GALAXY TAB A 10.1 2016,,01-03-2018,,,,,,,,,,,,,,,,,
Samsung,,Samsung Galaxy S22 Ultra 5G,Galaxy S22 Ultra 5G,SAMSUNG GALAXY S21 ULTRA 5G,,25-02-2022,,,,,,,,,,,,,,,,,
Samsung,,SAMSUNG GALAXY NOTE 7,NOTE764BLK,SAMSUNG GALAXY NOTE 6,,01-03-2018,,,,,,,,,,,,,,,,,
Samsung,,SAMSUNG GALAXY TAB A 8 2017,TABA817GLD,SAMSUNG GALAXY TAB A8 2015,,01-03-2018,,,,,,,,,,,,,,,,,
Samsung,,SAMSUNG GALAXY TAB S3 9.7,TABS397BLK,SAMSUNG GALAXY TAB S2 9.7,,01-03-2018,,,,,,,,,,,,,,,,,
Samsung,,SAMSUNG GALAXY NOTE 3,NOTE3BLK,SAMSUNG GALAXY NOTE 2,,01-03-2018,,,,,,,,,,,,,,,,,
Samsung,,Samsung Galaxy S20 FE,Galaxy S20 FE,SAMSUNG GALAXY S10,,06-03-2020,,,,,,,,,,,,,,,,,
Samsung,,Samsung Galaxy Z Fold2 5G,Galaxy Z Fold2 5G,SAMSUNG GALAXY FOLD,,27-08-2021,,,,,,,,,,,,,,,,,
Samsung,,Samsung Galaxy Tab S8 5G,Galaxy Tab S8 5G,SAMSUNG GALAXY TAB S7,,01-03-2018,,,,,,,,,,,,,,,,,
Samsung,,SAMSUNG GALAXY TAB A7 10.4 2020,TABA71042064GLD,SAMSUNG GALAXY TAB A 10.1 2019,,01-03-2018,,,,,,,,,,,,,,,,,
Samsung,,SAMSUNG GALAXY TAB S9 PLUS,TABS9P5G256GRP,SAMSUNG GALAXY TAB S8 PLUS,,11-08-2023,,,,,,,,,,,,,,,,,
Samsung,,Samsung Galaxy Z Flip5,Galaxy Z Flip5,SAMSUNG GALAXY Z FLIP4,,11-08-2023,,,,,,,,,,,,,,,,,
Samsung,,SAMSUNG GALAXY A7 2016,GXYA716GLD,SAMSUNG GALAXY A7 2015,,2018-01-01,,,,,,,,,,,,,,,,,
Samsung,,Samsung Galaxy Z Flip4 5G,Galaxy Z Flip4 5G,Samsung Galaxy Z Flip3 5G,,25-08-2022,,,,,,,,,,,,,,,,,
Samsung,,SAMSUNG GALAXY TAB S6,TABS6128GRY,SAMSUNG GALAXY TAB S5e,,01-03-2018,,,,,,,,,,,,,,,,,
Samsung,,SAMSUNG GALAXY S7 EDGE,GXYS7EPGD,SAMSUNG GALAXY S6 EDGE,,2020-02-01,,,,,,,,,,,,,,,,,
Samsung,,Samsung Galaxy Z Fold4/Galaxy Fold4,Samsung Galaxy Z Fold4/Galaxy Fold4,SAMSUNG GALAXY Z FOLD3 ,,25-08-2022,,,,,,,,,,,,,,,,,
Samsung,,Samsung Galaxy S22+ 5G,Galaxy S22+ 5G,SAMSUNG GALAXY S21 PLUS 5G,,25-02-2022,,,,,,,,,,,,,,,,,
Samsung,,SAMSUNG GALAXY TAB A7 LITE,GXYTABA7LITE32SIL,SAMSUNG GALAXY TAB A 10.1,,2018-01-01,,,,,,,,,,,,,,,,,
Samsung,,Samsung Galaxy Z Flip 5G,Galaxy Z Flip 5G,SAMSUNG GALAXY FOLD,,11-08-2021,,,,,,,,,,,,,,,,,
Samsung,,SAMSUNG GALAXY M52,GXYM525G128BLU,SAMSUNG GALAXY M51,,2021-11-01,,,,,,,,,,,,,,,,,
Samsung,,Samsung Galaxy A52 5G,Galaxy A52 5G,SAMSUNG GALAXY A51 5G,,26-03-2021,,,,,,,,,,,,,,,,,
Samsung,,SAMSUNG GALAXY J2 PRO,J2PROGLD,SAMSUNG GALAXY J2,,01-03-2018,,,,,,,,,,,,,,,,,
Samsung,,SAMSUNG GALAXY J6,GXYJ6BLK,SAMSUNG GALAXY J5 ,,01-03-2018,,,,,,,,,,,,,,,,,
Samsung,,Samsung Galaxy J5 (2016),Samsung Galaxy J5 (2016),SAMSUNG GALAXY J4,,01-03-2016,,,,,,,,,,,,,,,,,
Samsung,,Samsung Galaxy S6,Galaxy S6,SAMSUNG GALAXY S5,,01-03-2018,,,,,,,,,,,,,,,,,
Samsung,,SAMSUNG GALAXY A9 2018,GXYA9BLU,SAMSUNG GALAXY A8,,01-03-2018,,,,,,,,,,,,,,,,,
Samsung,,Samsung Galaxy Tab Active 2 (8.0 LTE),Galaxy Tab Active 2 (8.0 LTE),*NONE,,01-03-2018,,,,,,,,,,,,,,,,,
Samsung,,Samsung Galaxy S6 Edge,Galaxy S6 Edge,SAMSUNG GALAXY S5,,01-03-2018,,,,,,,,,,,,,,,,,
Samsung,,Samsung Galaxy Tab A 10.5 LTE,Galaxy Tab A 10.5 LTE,SAMSUNG GALAXY TAB A 8.0,,01-03-2018,,,,,,,,,,,,,,,,,
APPLE,iPhone X,APPLE IPHONE X,iPHX256GRY,APPLE IPHONE 8,APPLE IPHONE XS,01-11-2017,,,,,,,,,,,,,,,,,
APPLE,,APPLE IPAD AIR 2,iPDAR264GLD,APPLE IPAD AIR,,01-03-2018,,,,,,,,,,,,,,,,,
APPLE,,APPLE IPAD AIR 4 10.9,IPDAR410964GRY,APPLE IPAD AIR 3,,01-03-2018,,,,,,,,,,,,,,,,,
APPLE,,APPLE IPAD PRO 12.9 2021,IPRO1221128GRY,APPLE IPAD PRO 4,,20-04-2021,,,,,,,,,,,,,,,,,
APPLE,,APPLE IPAD 10.9 2022,IPD10964PNK,APPLE IPAD 9,,26-10-2022,,,,,,,,,,,,,,,,,
APPLE,,APPLE IPAD 10.2 2021,IPD102215G256GRY,APPLE IPAD 8,,01-03-2018,,,,,,,,,,,,,,,,,
APPLE,,APPLE IPAD PRO 11 2022,IPRO1122128SIL,APPLE IPAD 9,,26-10-2022,,,,,,,,,,,,,,,,,
APPLE,,APPLE IPAD 10.2 2020,IPD10220128GRY,APPLE IPAD 7,,01-03-2018,,,,,,,,,,,,,,,,,
APPLE,iPhone 6,APPLE IPHONE 6,iPH664GRY,APPLE IPHONE 5,APPLE IPHONE 6S,01-03-2018,,,,,,,,,,,,,,,,,
APPLE,iPhone 6,APPLE IPHONE 6 PLUS,iPH6+64GRY,APPLE IPHONE 5,APPLE IPHONE 6S PLUS,01-03-2018,,,,,,,,,,,,,,,,,
APPLE,,APPLE IPAD AIR 5 10.9,IPDAR510964GRY,APPLE IPAD 4,,01-03-2018,,,,,,,,,,,,,,,,,
APPLE,,APPLE IPAD 2017,iPD128(2017)GLD,APPLE IPAD 4,,01-03-2018,,,,,,,,,,,,,,,,,
APPLE,,APPLE IPAD PRO 10.5,IPDPRO105256SIL,APPLE IPAD 9.7,,01-03-2018,,,,,,,,,,,,,,,,,
APPLE,,APPLE IPAD MINI 4,iPMINI4128GLD,APPLE IPAD MINI 3,,01-03-2018,,,,,,,,,,,,,,,,,
APPLE,,APPLE IPAD 10.2,IPD102128GLD,APPLE IPAD 7,,01-03-2018,,,,,,,,,,,,,,,,,
APPLE,,APPLE IPAD PRO,iPDPRO128SIL,APPLE IPAD PRO 12.9 3RD GEN,,01-03-2018,,,,,,,,,,,,,,,,,
APPLE,,APPLE IPAD PRO 12.9 3RD GEN,iPRO1293GEN256GRY,APPLE IPAD PRO 12.9 2ND GEN,,26-10-2022,,,,,,,,,,,,,,,,,
APPLE,,APPLE IPAD AIR 10.5 3RD GEN,iPDA1053RD64SIL,APPLE IPAD PRO 12.9 2ND GEN,,01-03-2018,,,,,,,,,,,,,,,,,
APPLE,,APPLE IPAD 6TH GEN,iPD128GRY,APPLE IPAD 5,,01-03-2018,,,,,,,,,,,,,,,,,
APPLE,,APPLE IPAD PRO 12.9,IPDP129256GLD,APPLE IPAD PRO 12.9 3RD GEN,,19-03-2020,,,,,,,,,,,,,,,,,
APPLE,,APPLE IPAD PRO 11,iPDPRO1164GRY,APPLE IPAD PRO 10.5,,01-03-2018,,,,,,,,,,,,,,,,,
APPLE,,APPLE IPAD PRO 12.9 2020,IPRO1220256GRY,APPLE IPAD PRO 12.9 2ND GEN,,19-03-2020,,,,,,,,,,,,,,,,,
APPLE,,APPLE IPAD PRO 9.7,IPDPRO97128RGD,APPLE IPAD PRO 9.7 2016,,01-03-2018,,,,,,,,,,,,,,,,,
APPLE,,APPLE IPAD MINI 2019 5TH GEN,iPMINI5TH64GLD,APPLE IPAD MINI 4,,01-03-2018,,,,,,,,,,,,,,,,,
APPLE,,APPLE IPAD PRO 11 2020,IPRO1120256GRY,APPLE IPAD PRO 11 2018,,01-03-2018,,,,,,,,,,,,,,,,,
APPLE,,APPLE IPAD PRO 12.9 2ND GEN,IPDP129512GRY,ASUS ZENFONE 4 MAX PRO,,20-04-2021,,,,,,,,,,,,,,,,,
ASUS,,ASUS ZENFONE 5Q,ZP5QWHT,ASUS ZENFONE 3  MAX ZC553KL,,01-03-2018,,,,,,,,,,,,,,,,,
ASUS,,ASUS ZENFONE 4 MAX PRO,ZPH4MAXPROBLK,ASUS ZENFONE 2 LASER ZE601KL,,01-03-2018,,,,,,,,,,,,,,,,,
ASUS,,ASUS ZENFONE 3  MAX ZC553KL,ZPH3MZC553KLGLD,ASUS ZENFONE ZC550KL,,01-03-2018,,,,,,,,,,,,,,,,,
Apple,,APPLE IPAD MINI 2021,IPDMN215G256GRY,APPLE IPAD MINI 5TH GEN,,01-03-2018,,,,,,,,,,,,,,,,,
Apple,,APPLE WATCH SERIES 6 44MM,W644NVBANDBLU,INVALID,,,,,,,,,,,,,,,,,,,
Apple,,IPAD PRO 12.9 2022,IPRO12221TBSIL,APPLE IPAD PRO 12.9 2021,,26-10-2022,,,,,,,,,,,,,,,,,
Apple,,APPLE IPAD PRO 11 2021,IPRO1121256GRY,APPLE IPAD PRO 11 2020,,20-04-2021,,,,,,,,,,,,,,,,,
BLACKBERRY,,BLACKBERRY KEY 2,KEY2BLK,BLACKBERRY KEY 1,,01-03-2018,,,,,,,,,,,,,,,,,
GOOGLE,,GOOGLE PIXEL 3,PIXEL364BLK,GOOGLE PIXEL 2,,01-03-2018,,,,,,,,,,,,,,,,,
GOOGLE,,GOOGLE PIXEL 3 XL,PIXEL3XL128BLK,GOOGLE PIXEL 2 XL,,01-03-2018,,,,,,,,,,,,,,,,,
GOOGLE,,GOOGLE PIXEL 3A XL,PIXEL3AXL64BLK,GOOGLE PIXEL 3a,,01-03-2018,,,,,,,,,,,,,,,,,
GOOGLE,,GOOGLE PIXEL 2 XL,PIXEL2XLBLK,GOOGLE PIXEL XL,,01-03-2018,,,,,,,,,,,,,,,,,
GOOGLE,,GOOGLE PIXEL 4,PIXEL464BLK,GOOGLE PIXEL 3,,01-03-2018,,,,,,,,,,,,,,,,,
GOOGLE,,GOOGLE PIXEL 8 PRO,PIXEL8PRO5G512BLK,GOOGLE PIXEL 7 PRO,,12-10-2023,,,,,,,,,,,,,,,,,
GOOGLE,,GOOGLE PIXEL 4 XL,PIXEL4XL64BLK,GOOGLE PIXEL 3XL,,01-03-2018,,,,,,,,,,,,,,,,,
GOOGLE,,GOOGLE PIXEL 8,PIXEL85G256BLK,GOOGLE PIXEL 7,,12-10-2023,,,,,,,,,,,,,,,,,
HTC,,HTC U11 PLUS,U11+BLK,HTC U11,,01-03-2018,,,,,,,,,,,,,,,,,
HUAWEI,NOVA 3,HUAWEI NOVA 3I,NOVA3IBLK,HUAWEI NOVA 2i,Huawei Nova 5T,01-03-2018,,,,,,,,,,,,,,,,,
HUAWEI,,HUAWEI Y6 PRO 2019,Y6PROBLK,HUWAEI Y5 PRO,,01-03-2018,,,,,,,,,,,,,,,,,
HUAWEI,,HUAWEI P20,P20BLK,HUAWEI P10,,01-03-2018,,,,,,,,,,,,,,,,,
HUAWEI,,HUAWEI NOVA 7 SE,NOVA7SE128SIL,HUAWEI NOVA 6 SE,,01-03-2018,,,,,,,,,,,,,,,,,
HUAWEI,,HUAWEI MATE RS,MATERSBLK,HUAWEI MATE X,,01-03-2018,,,,,,,,,,,,,,,,,
HUAWEI,,HUAWEI MATE XS,MATEXS512BLU,HUAWEI MATE X,,01-03-2018,,,,,,,,,,,,,,,,,
HUAWEI,,HUAWEI MATE 10 PRO,MATE10PROBLU,HUAWEI MATE 9 PRO,,01-03-2018,,,,,,,,,,,,,,,,,
HUAWEI,,HUAWEI NOVA 2 LITE,NOVA2LITEBLK,HUAWEI NOVA LITE,,01-03-2018,,,,,,,,,,,,,,,,,
HUAWEI,,HUAWEI P10 PLUS,P10+BLK,HUAWEI P9 PLUS,,01-03-2018,,,,,,,,,,,,,,,,,
HUAWEI,,HUAWEI P10,P10BLU,HUAWEI P9,,01-03-2018,,,,,,,,,,,,,,,,,
HUAWEI,,HUAWEI P50 PRO,P50PRO256BLK,HUAWEI P40 PRO,,01-03-2018,,,,,,,,,,,,,,,,,
HUAWEI,,HUAWEI P20 PRO,P20PBLK,HUAWEI P10 Plus,,01-03-2018,,,,,,,,,,,,,,,,,
HUAWEI,P30,HUAWEI P30,P30BLK,HUAWEI P20,Huawei P30 Lite,01-03-2018,,,,,,,,,,,,,,,,,
HUAWEI,,HUAWEI MATE 10,MATE10BLK,HUAWEI MATE 9,,01-03-2018,,,,,,,,,,,,,,,,,
LG,,LG V40,V40BLU,LG V30,,01-03-2018,,,,,,,,,,,,,,,,,
LG,,LG G6,G6BLK,LG G5,,01-03-2018,,,,,,,,,,,,,,,,,
LG,,LG G6 PLUS,G6PBLK,LG G5 PLUS,,01-03-2018,,,,,,,,,,,,,,,,,
LG,,LG G7 PLUS THINQ,G7+BLU,LG G6 PLUS THINQ,,01-03-2018,,,,,,,,,,,,,,,,,
LG,,LG Q7 PLUS,Q7+BLK,LG Q6 PLUS,,01-03-2018,,,,,,,,,,,,,,,,,
LG,,LG V20,V20SILVER,LG V10,,01-03-2018,,,,,,,,,,,,,,,,,
LG,,LG V30 PLUS,V30+BLK,LG V20,,01-03-2018,,,,,,,,,,,,,,,,,
MOTOROLA,,MOTOROLA MOTO Z2 FORCE,MOTOZ2FBLK,MOTOROLA MOTO Z FORCE,,01-03-2018,,,,,,,,,,,,,,,,,
MOTOROLA,,MOTOROLA Z2 PLAY,MOTOZ2PLYGRY,MOTOROLA Z PLAY,,01-03-2018,,,,,,,,,,,,,,,,,
Microsoft,,MICROSOFT SURFACE GO 2,SURFACEGO2128SIL,MICROSOFT SURFACE GO 1,,01-03-2018,,,,,,,,,,,,,,,,,
Misc,,SOUNDBAR,SOUNDBAR,INVALID,,,,,,,,,,,,,,,,,,,
Misc,,LAPTOP,LAPTOP,INVALID,,,,,,,,,,,,,,,,,,,
Misc,,TV,TV,INVALID,,,,,,,,,,,,,,,,,,,
Misc,,PRINTER,PRINTER,INVALID,,,,,,,,,,,,,,,,,,,
Misc,,Starhub SUR Item,StarHubSURService,INVALID,,,,,,,,,,,,,,,,,,,
NOKIA,,NOKIA 7 PLUS,NK7+WHT,NOKIA 7,NOKIA 8.1,01-03-2018,,,,,,,,,,,,,,,,,
Nothing,,NOTHING PHONE 1,PHONE15G12256WHT,INVALID,,16-07-2022,,,,,,,,,,,,,,,,,
OPPO,,OPPO RENO 3 PRO,RENO3PROBLU,OPPO RENO 2,,01-03-2018,,,,,,,,,,,,,,,,,
OPPO,,OPPO FIND X,FINDX128RED,OPPO FIND 7,OPPO FIND X2,01-03-2018,,,,,,,,,,,,,,,,,
OPPO,,OPPO RENO 2Z,RENO2Z128WHT,OPPO RENO Z,,01-03-2018,,,,,,,,,,,,,,,,,
OPPO,,OPPO RENO Z,RENOZJET,OPPO RENO ,,01-03-2018,,,,,,,,,,,,,,,,,
OPPO,,OPPO R11S PLUS,R11SPBLK,OPPO R11S,,01-03-2018,,,,,,,,,,,,,,,,,
OPPO,,OPPO FIND N3,FINDN35G512GLD,OPPO FIND 7,,27-10-2023,,,,,,,,,,,,,,,,,
OPPO,RENO,OPPO RENO,RENO256GRN,OPPO R17 PRO,Oppo Reno 2,01-03-2018,,,,,,,,,,,,,,,,,
OPPO,,OPPO R11S,R11SRED,OPPO R11,,01-03-2018,,,,,,,,,,,,,,,,,
OPPO,,OPPO FIND X2 PRO,FINDX2PR512BLK,OPPO FIND X,,01-03-2018,,,,,,,,,,,,,,,,,
OPPO,,OPPO R15 PRO,R15PROPUR,OPPO R11S,,01-03-2018,,,,,,,,,,,,,,,,,
OPPO,,OPPO FIND X5 PRO,FINDX5PRO5G256BLK,OPPO FIND X4 PRO ,,14-03-2022,,,,,,,,,,,,,,,,,
OPPO,,OPPO R17 PRO,R17PRDMIST,OPPO R15 PRO,,01-03-2018,,,,,,,,,,,,,,,,,
OPPO,,OPPO RENO 8,RENO85G256GLD,OPPO RENO 7,,25-07-2019,,,,,,,,,,,,,,,,,
OPPO,,OPPO A73S,A73SBLK,OPPO A73,,01-03-2018,,,,,,,,,,,,,,,,,
OPPO,,OPPO RENO 8 PRO,RENO8PRO5G256BLK,OPPO RENO 7 PRO,,25-07-2021,,,,,,,,,,,,,,,,,
OPPO,,OPPO AX5,AX5BLU,OPPO A3S,,01-03-2018,,,,,,,,,,,,,,,,,
OPPO,,OPPO RENO 6 PRO,RENO6PRO5G256AUR,OPPO RENO 5 PRO,,06-09-2021,,,,,,,,,,,,,,,,,
OPPO,,OPPO FIND N2 FLIP,FINDN2FLIP5G256PUR,OPPO FIND N1 FLIP,,23-12-2022,,,,,,,,,,,,,,,,,
OPPO,,OPPO R15,R15RED,OPPO RENO R11,,01-03-2018,,,,,,,,,,,,,,,,,
OPPO,,OPPO R17,R17BLU,OPPO R15,,01-03-2018,,,,,,,,,,,,,,,,,
OPPO,,OPPO RENO 10 PRO,RENO10PRO5G256GRY,OPPO FIND X,,13-07-2023,,,,,,,,,,,,,,,,,
OPPO,,OPPO AX7,AX7GLD,OPPO AX5,,01-03-2018,,,,,,,,,,,,,,,,,
OPPO,,OPPO RENO 8T,RENO8T5G256BLK,OPPO RENO 7,,02-02-2023,,,,,,,,,,,,,,,,,
OPPO,,OPPO FIND N3 FLIP,FINDN3FLIP5G256PNK,OPPO FIND N2 FLIP,,08-09-2023,,,,,,,,,,,,,,,,,
OPPO,,OPPO RENO 10,RENO105G256GRY,OPPO RENO 9,,15-07-2023,,,,,,,,,,,,,,,,,
OPPO,,OPPO RENO 7,RENO75G256BLK,OPPO RENO 6,,06-09-2021,,,,,,,,,,,,,,,,,
OPPO,,OPPO RENO 10 PRO PLUS,RENO10PROP5G256GRY,OPPO RENO 9 PRO PLUS,,24-05-2023,,,,,,,,,,,,,,,,,
OPPO,OPPO FIND X3,OPPO FIND X3 PRO,FINDX3PRO5G256BLK,OPPO FIND X2 PRO,,11-03-2021,,,,,,,,,,,,,,,,,
Oppo,,OPPO RENO 5Z,RENO5Z5G128BLK,OPPO RENO 4Z,,07-05-2021,,,,,,,,,,,,,,,,,
Oppo,,OPPO RENO 7 PRO,RENO7PRO5G256BLK,OPPO RENO 6 Z,,06-09-2021,,,,,,,,,,,,,,,,,
RAZER,,RAZER RAZER 2,RZR264BLK,RAZER PHONE,,01-03-2018,,,,,,,,,,,,,,,,,
SONY,,SONY XPERIA Z5 PREMIUM,XPRIAZ5PBLK,SONY XPERIA Z3+,,01-03-2018,,,,,,,,,,,,,,,,,
SONY,,SONY XPERIA XA1 PLUS,XPRIAXA1PBLU,SONY XPERIA XA,,01-03-2018,,,,,,,,,,,,,,,,,
SONY,,SONY XPERIA M5,XPERIAM5GLD,SONY XPERIA M4 AQUA,,01-03-2018,,,,,,,,,,,,,,,,,
SONY,,SONY XPERIA XZ,XPRIAXZFBLU,SONY  XPERIA X,,01-03-2018,,,,,,,,,,,,,,,,,
SONY,,SONY XPERIA X,XPRIAXLGLD,SONY XPERIA Z5,,01-03-2018,,,,,,,,,,,,,,,,,
SONY,,SONY XPERIA XA,XPRIAXABLK,SONY XPERIA M4 AQUA,,01-03-2018,,,,,,,,,,,,,,,,,
SONY,,SONY XPERIA XZS,XPRIAXZsBLK,SONY XPERIA XZ,,01-03-2018,,,,,,,,,,,,,,,,,
SONY,,SONY XPERIA XZ1,XPRIAXZ1BLK,SONY XPERIA XZ,,01-03-2018,,,,,,,,,,,,,,,,,
SONY,,SONY XPERIA XZ PREMIUM,XPRIAXZPBLK,SONY XPERIA Z5 PREMIUM,,01-03-2018,,,,,,,,,,,,,,,,,
SONY,,SONY XPERIA XZ2,XPRIAXZ2BLK,SONY XPERIA XZ,,01-03-2018,,,,,,,,,,,,,,,,,
SONY,,SONY XPERIA XA 1,XPRIAXA1WHT,SONY XPERIA XA,,01-03-2018,,,,,,,,,,,,,,,,,
SONY,,SONY XPERIA XA1 ULTRA,XPRIAXA1UPNK,SONY XPERIA XA ULTRA,,01-03-2018,,,,,,,,,,,,,,,,,
SONY,,SONY XPERIA XA ULTRA,XPRIAXAULWT,SONY XPERIA C5 ULTRA,,01-03-2018,,,,,,,,,,,,,,,,,
Samsung,,SAMSUNG GALAXY A8 2018,A818GLD,SAMSUNG GALAXY A5,,01-03-2018,,,,,,,,,,,,,,,,,
Samsung,,SAMSUNG GALAXY A30S,GXYA30sBLK,SAMSUNG GALAXY A30,,01-03-2018,,,,,,,,,,,,,,,,,
Samsung,,SAMSUNG GALAXY J4,GXYJ4BLK,SAMSUNG GALAXY J3,,01-03-2018,,,,,,,,,,,,,,,,,
Samsung,,SAMSUNG GALAXY A53,GXYA535G256BLK,SAMSUNG GALAXY A52,,21-03-2022,,,,,,,,,,,,,,,,,
Samsung,,SAMSUNG GALAXY TAB S8 PLUS,TABS8P5G256GRP,SAMSUNG GALAXY TAB S7,,18-09-2021,,,,,,,,,,,,,,,,,
Samsung,,SAMSUNG GALAXY A33,GXYA335G128BLK,SAMSUNG GALAXY A32,,01-03-2018,,,,,,,,,,,,,,,,,
Samsung,,SAMSUNG GALAXY TAB A8 10.5 2021,TABA81052164GRY,SAMSUNG GALAXY TAB A7,,17-01-2022,,,,,,,,,,,,,,,,,
Samsung,,SAMSUNG GALAXY A9 2018,GXYA9BLK,SAMSUNG GALAXY A8,,01-03-2018,,,,,,,,,,,,,,,,,
Samsung,,SAMSUNG GALAXY S7 EDGE,GXYS7E32BLK,SAMSUNG GALAXY S6 EDGE,,01-03-2018,,,,,,,,,,,,,,,,,
Samsung,,SAMSUNG GALAXY J3 PRO,J3PBLK,SAMSUNG GALAXY J3,,01-03-2018,,,,,,,,,,,,,,,,,
Samsung,,SAMSUNG GALAXY A23,GXYA235G128ORG,SAMSUNG GALAXY A22,,01-03-2018,,,,,,,,,,,,,,,,,
Samsung,,SAMSUNG GALAXY J7 PLUS,GXYJ7+GLD,SAMSUNG GALAXY J7,,01-03-2018,,,,,,,,,,,,,,,,,
Samsung,,SAMSUNG GALAXY S8,GXYS8BLK,SAMSUNG GALAXY S7,,01-03-2018,,,,,,,,,,,,,,,,,
Samsung,,SAMSUNG GALAXY S9 PLUS,GXYS9+128BLK,SAMSUNG GALAXY S8 PLUS,,16-03-2018,,,,,,,,,,,,,,,,,
Samsung,,SAMSUNG GALAXY TAB S8,TABS85G256GRP,SAMSUNG GALAXY TAB S7,,18-09-2021,,,,,,,,,,,,,,,,,
Samsung,,SAMSUNG GALAXY S9,GXYS9BLK,SAMSUNG GALAXY S8,,16-03-2018,,,,,,,,,,,,,,,,,
Samsung,,SAMSUNG GALAXY TAB A 10.5 2018,TABA105BLK,SAMSUNG GALAXY TAB A 10.1 2016,,01-03-2018,,,,,,,,,,,,,,,,,
Samsung,,SAMSUNG GALAXY TAB S3 9.7,TABS397SIL,SAMSUNG GALAXY TAB S2 9.7,,01-03-2018,,,,,,,,,,,,,,,,,
Samsung,,SAMSUNG GALAXY A34,GXYA345G128BLK,SAMSUNG GALAXY A33,,24-03-2023,,,,,,,,,,,,,,,,,
Samsung,,SAMSUNG GALAXY A54,GXYA545G256BLK,SAMSUNG GALAXY A53,,24-03-2023,,,,,,,,,,,,,,,,,
Samsung,,SAMSUNG GALAXY TAB S9 ULTRA,TABS9U5G256GRY,SAMSUNG GALAXY TAB S8 ULTRA,,11-08-2023,,,,,,,,,,,,,,,,,
Samsung,,SAMSUNG GALAXY TAB S4,TABS464BLK,SAMSUNG GALAXY TAB S3,,01-03-2018,,,,,,,,,,,,,,,,,
Samsung,,SAMSUNG GALAXY TAB S8 ULTRA,TABS8U5G256GRP,SAMSUNG GALAXY TAB S87 ULTRA,,18-09-2021,,,,,,,,,,,,,,,,,
Samsung,,SAMSUNG GALAXY TAB S23 FE,GXYS23FE5G256GRP,SAMSUNG GALAXY TAB S21 FE,,17-02-2023,,,,,,,,,,,,,,,,,
Samsung,,SAMSUNG GALAXY A8 STAR,A8STARBLK,SAMSUNG GALAXY A8 PLUS,,01-03-2018,,,,,,,,,,,,,,,,,
Samsung,,SAMSUNG GALAXY A31,GXYA31128BLK,SAMSUNG GALAXY A30,,01-03-2018,,,,,,,,,,,,,,,,,
Samsung,GALAXY NOTE 20,SAMSUNG GALAXY NOTE 20,N20256GRY,SAMSUNG GALAXY NOTE 10,SAMSUNG GALAXY Z FLIP 3,21-08-2020,,,,,,,,,,,,,,,,,
Samsung,,SAMSUNG GALAXY TAB S7 PLUS,TABS7P5G256BLK,SAMSUNG GALAXY TAB S6 PLUS,,01-03-2018,,,,,,,,,,,,,,,,,
Samsung,,SAMSUNG GALAXY M21,GXYM2164BLK,SAMSUNG GALAXY M20,,01-03-2018,,,,,,,,,,,,,,,,,
Samsung,,SAMSUNG GALAXY S6 EDGE,GXYS6E128GLD,SAMSUNG GALAXY S5,,01-03-2018,,,,,,,,,,,,,,,,,
Samsung,GALAXY S10,SAMSUNG GALAXY S10E,GXYS10E128BLK,SAMSUNG GALAXY S9,GXYS10E128,01-03-2019,,,,,,,,,,,,,,,,,
Samsung,,SAMSUNG GALAXY TAB S7,TABS7256BLK,SAMSUNG GALAXY S6,,01-03-2018,,,,,,,,,,,,,,,,,
Samsung,,SAMSUNG GALAXY TAB A7 10.4 2020,TABA71042064GRY,SAMSUNG GALAXY TAB A 10.1 2019,,01-03-2018,,,,,,,,,,,,,,,,,
Samsung,,SAMSUNG GALAXY J7 DUO,J7DUOBLK,SAMSUNG GALAXY J6,,01-03-2018,,,,,,,,,,,,,,,,,
Samsung,,SAMSUNG GALAXY TAB S6,TABS6256GRY,SAMSUNG GALAXY TAB S5e,,01-03-2018,,,,,,,,,,,,,,,,,
Samsung,,SAMSUNG GALAXY TAB S5E,GXYTABS5e128SIL,SAMSUNG GALAXY TAB S4,,01-03-2018,,,,,,,,,,,,,,,,,
Samsung,,SAMSUNG GALAXY TAB S7 FE,TABS7FE5G128BLK,SAMSUNG GALAXY TAB S6,,18-09-2021,,,,,,,,,,,,,,,,,
Samsung,,SAMSUNG GALAXY A52S,GXYA52S5G256BLK,SAMSUNG GALAXY A52,,17-03-2021,,,,,,,,,,,,,,,,,
Samsung,,SAMSUNG GALAXY J2 PRO,J2PROBLK,SAMSUNG GALAXY J2,,01-03-2018,,,,,,,,,,,,,,,,,
Samsung,,SAMSUNG GALAXY TAB A 10.1 2019,TABA10132BLK,SAMSUNG GALAXY TAB A 9.7 2017,,01-03-2018,,,,,,,,,,,,,,,,,
Samsung,GALAXY S10,SAMSUNG GALAXY S10 PLUS,GXYS10+128BLK,SAMSUNG GALAXY S9 PLUS,GXYS10+,01-03-2019,,,,,,,,,,,,,,,,,
Samsung,GALAXY FOLD,SAMSUNG GALAXY FOLD,GSFLD512BLK,SAMSUNG GALAXY NOTE 9,SAMSUNG GALAXY S10 LITE,01-03-2018,,,,,,,,,,,,,,,,,
Samsung,,SAMSUNG GALAXY TAB A 8 2017,TABA817BLK,SAMSUNG GALAXY TAB A8 2015,,01-03-2018,,,,,,,,,,,,,,,,,
VIVO,,VIVO V20 SE,V20SE128BLK,VIVO V19,,01-03-2018,,,,,,,,,,,,,,,,,
VIVO,,VIVO X70 PRO,VX70PRO5G256BLK,VIVO X60 PRO,,15-05-2021,,,,,,,,,,,,,,,,,
VIVO,,VIVO X50 PRO,VX50PRO256GRY,VIVO X50,,01-03-2018,,,,,,,,,,,,,,,,,
VIVO,,VIVO X50,VX50256BLU,VIVO X30,,01-03-2018,,,,,,,,,,,,,,,,,
VIVO,,VIVO X70,VX705G256ARO,VIVO X60,,15-05-2021,,,,,,,,,,,,,,,,,
VIVO,,VIVO X50E,VX50E5G128SIL,VIVO X50,,19-12-2020,,,,,,,,,,,,,,,,,
VIVO,,VIVO X21,X21BLK,VIVO X20,,01-03-2018,,,,,,,,,,,,,,,,,
VIVO,,VIVO NEX DUAL DISPLAY,NEXDDPLYBLU,VIVO NEX,,01-03-2018,,,,,,,,,,,,,,,,,
VIVO,,VIVO V9,V9BLK,VIVO V7 PLUS,,01-03-2018,,,,,,,,,,,,,,,,,
VIVO,,VIVO X60,VX605G256BLU,VIVO X50,,08-01-2021,,,,,,,,,,,,,,,,,
VIVO,,VIVO X60 PRO,VX60PRO5G256BLK,VIVO X60,,15-05-2021,,,,,,,,,,,,,,,,,
VIVO,,VIVO NEX 3,NEX3256GRY,VIVO NEX DUAL DISPLAY,,01-03-2018,,,,,,,,,,,,,,,,,
XIAOMI,,XIAOMI 13T PRO,MI13TPRO5G1TBGRN,XIAOMI MI 13,,26-09-2023,,,,,,,,,,,,,,,,,
XIAOMI,,XIAOMI MI 11 LITE,MI11LT5G128GRN,XIAOMI MI 10,,08-02-2021,,,,,,,,,,,,,,,,,
XIAOMI,,XIAOMI MI 10T,MI10T5G128BLK,XIAOMI MI 9T,,01-03-2018,,,,,,,,,,,,,,,,,
XIAOMI,,XIAOMI MI 11,MI115G256GRY,XIAOMI MI 10,,08-02-2021,,,,,,,,,,,,,,,,,
XIAOMI,,XIAOMI REDMI NOTE 5A,REDMINOTE5AGLD,XIAOMI REDMI NOTE 4,,01-03-2018,,,,,,,,,,,,,,,,,
XIAOMI,,XIAOMI NOTE 6 PRO,NOTE6PROBLU,XIAOMI NOTE 5 PRO,,01-03-2018,,,,,,,,,,,,,,,,,
XIAOMI,,XIAOMI MI 11T PRO,MI11TPRO5G256BLU,XIAOMI MI 10T PRO,,08-02-2021,,,,,,,,,,,,,,,,,
XIAOMI,,XIAOMI MI MIX 2S,MiMIX2SWHT,XIAOMI MI MIX 2,,01-03-2018,,,,,,,,,,,,,,,,,
XIAOMI,,XIAOMI REDMI 4A,REDMI4A32GLD,XIAOMI REDMI 2A,,01-03-2018,,,,,,,,,,,,,,,,,
OPPO,,OPPO FIND X,FINDXBLU,Oppo Find 7,OPPO Find X2,1/8/18,0.0,201901.0,Thailand,AIS,AIS_SinglePricePoint_Swap_Replace_Fixed,MobileCare SPP Swap & Replace 12 month,2/7/14,183.0,FINDX,256.0,THB,29990.0,908.7879057,1.0,REPLACEMENT,OOW,LFL
Samsung,,SAMSUNG GALAXY A8,A800FWHT,SAMSUNG GALAXY A7,SAMSUNG GALAXY A8s,1/11/18,3.0,201901.0,Thailand,AIS,AIS_SwapOnly_12mth,MobileCare Swap 12 month,2/7/14,91.0,A800F,32.0,THB,15900.0,481.8181961,1.0,Swap,IW,LFL
LAVA,,LAVA W5,LAVAW5BLK,LAVA W3,NONE,1/1/20,5.0,201901.0,Thailand,AIS,AIS_SwapOnly_Monthly,MobileCare Swap Monthly,2/7/14,-335.0,LAVAW5,,THB,890.0,26.96969777,1.0,Swap,OOW,NLFL
OPPO,,OPPO RENO 4Z,RENO4Z5G128BLK,OPPO RENO 3Z,OPPO RENO 5Z,1/11/18,19.0,202010.0,Thailand,AIS,AIS_SinglePricePoint_Swap_Replace_Fixed,MobileCare SPP Swap & Replace 12 month,2/7/14,730.0,RENO4Z5G128,128.0,THB,12990.0,419.0314226,1.0,REPLACEMENT,OOW,NLFL
REALME,,REALME 7 5G,RM75G128KGSIL,REALME 6 5G,REALME 8 5G,1/1/20,23.0,202101.0,Thailand,AIS,AIS_SinglePricePoint_Swap_Replace_Fixed,MobileCare SPP Swap & Replace 12 month,2/7/14,396.0,RM75G128KG,128.0,THB,9999.0,322.547744,1.0,Swap,OOW,LFL
Realme,,REALME C25,RMC2564SLKGBLU,REALME C15,REALME C25s,1/1/20,25.0,202105.0,Thailand,AIS,AIS_SinglePricePoint_Swap_Replace_Fixed,MobileCare SPP Swap & Replace 12 month,2/7/14,516.0,RMC2564SLKG,64.0,THB,5499.0,177.3867431,1.0,Swap,OOW,NLFL
ONEPLUS,,ONEPLUS NORD CE,NORDCE5G128BLU,ONEPLUS NORD,NONE,1/1/20,26.0,202108.0,Thailand,AIS,AIS_SinglePricePoint_Swap_Replace_Fixed,MobileCare SPP Swap & Replace 12 month,2/7/14,608.0,NORDCE5G128,128.0,THB,12990.0,419.0314226,1.0,Swap,OOW,NLFL
OPPO,,OPPO RENO 6,RENO65G128BLK,OPPO RENO 5,OPPO RENO 7,1/11/18,30.0,202109.0,Thailand,AIS,AIS_SinglePricePoint_Swap_Replace_Monthly,MobileCare SPP Swap & Replace Monthly,2/7/14,1064.0,RENO65G128,128.0,THB,17990.0,580.3214236,1.0,REPLACEMENT,OOW,LFL
Asus,,ASUS ROG 5S PRO,ROG5SPRO5G512BLK,ASUS ROG Phone 5 Pro,NONE,1/1/20,34.0,202111.0,Thailand,AIS,AIS_SinglePricePoint_Swap_Replace_Monthly,MobileCare SPP Swap & Replace Monthly,2/7/14,699.0,ROG5SPRO5G512,512.0,THB,39990.0,1289.997428,1.0,Swap,OOW,NLFL
REALME,,REALME C21Y,RMC21Y64BLU,REALME C21,NONE,1/1/20,35.0,202111.0,Thailand,AIS,AIS_SinglePricePoint_Swap_Replace_Monthly,MobileCare SPP Swap & Replace Monthly,2/7/14,699.0,RMC21Y64,64.0,THB,4999.0,161.257743,2.0,Swap,OOW,NLFL
Xiaomi,,XIAOMI MI 11T PRO,MI11TPRO5G256GRY,XIAOMI MI 10T PRO,NONE,1/1/20,36.0,202111.0,Thailand,AIS,AIS_SinglePricePoint_Swap_Replace_Monthly,MobileCare SPP Swap & Replace Monthly,2/7/14,699.0,MI11TPRO5G256,256.0,THB,18990.0,612.5794238,1.0,Swap,OOW,NLFL
Realme,,REALME C21Y,RMC21Y32BLK,REALME C21,NONE,1/1/20,53.0,202210.0,Thailand,AIS,AIS_SinglePricePoint_Swap_Replace_Fixed,MobileCare SPP Swap & Replace 12 month,2/7/14,1034.0,RMC21Y32,32.0,THB,4999.0,154.2891375,1.0,Swap,OOW,LFL
APPLE,,APPLE IPAD 10.9 2022,IPD109WF64PNK,APPLE IPAD 10.9 2020,NONE,26/10/22,82.0,202306.0,Thailand,TRUE,TRUE_Protech_Swap_Replace_Monthly,Protech Swap Replace Monthly,20/11/19,247.0,IPD109WF64,64.0,THB,17990.0,511.8154856,1.0,REPLACEMENT,OOW,LFL
Apple,,APPLE IPAD 10.9 2022,IPD109WF64SIL,APPLE IPAD AIR 4TH GENERATION 2020,NONE,26/10/22,84.0,202308.0,Thailand,AIS,AIS_SinglePricePoint_Swap_Replace_Monthly,MobileCare SPP Swap & Replace Monthly,2/7/14,309.0,IPD109WF64,64.0,THB,17900.0,509.2549857,1.0,Swap,OOW,NLFL
Samsung,,SAMSUNG GALAXY TAB A9,TABA964GRP,The text does not provide information on the predecessor of the SAMSUNG GALAXY TAB A9.,NONE,1/10/23,96.0,202312.0,Thailand,Asurion_TechCare,TGFone - 12mths - 2022,TGFone - Fixed,13/6/22,91.0,TABA964,64.0,THB,6990.0,198.8654944,1.0,Swap,OOW,NLFL
HUAWEI,,Y618,Y618BLU,Y617,Y619,1/1/18,0.0,201901.0,Malaysia,Celcom,Celcom_SwapOnly_Monthly,Celcom - Swap - Monthly,24/11/15,395.0,Y618,16.0,MYR,619.0,149.1566301,1.0,Swap,OOW,LFL
OPPO,OPPO F11,OPPO F11 PRO,F11PRO64BLK,OPPO F9 Pro,Oppo F9,1/1/17,3.0,201904.0,Malaysia,Celcom,Celcom_SwapOnly_Monthly,Celcom - Swap - Monthly,24/11/15,849.0,F11PRO64,64.0,MYR,1299.0,313.0120558,1.0,Swap,OOW,LFL
HUAWEI,,HUAWEI NOVA 4E,NOVA4EBLU,HUAWEI NOVA 3E,HUAWEI NOVA 5T,1/1/18,9.0,202002.0,Malaysia,Celcom,Celcom_SwapOnly_Monthly,Celcom - Swap - Monthly,24/11/15,789.0,NOVA4E,128.0,MYR,1199.0,292.4384954,7.0,Swap,OOW,NLFL
HUAWEI,,HUAWEI NOVA 7I,NOVA7I128BLK,HUAWEI NOVA 6 SE,HUAWEI Nova 8i,1/1/18,10.0,202003.0,Malaysia,Celcom,Celcom_SwapOnly_Monthly,Celcom - Swap - Monthly,24/11/15,820.0,NOVA7I128,128.0,MYR,1099.0,268.0482956,1.0,REPLACEMENT,OOW,NLFL
OPPO,OPPO A10,OPPO A12,A1264BLK,OPPO A11k,OPPO A15,1/11/17,11.0,202006.0,Malaysia,Celcom,Celcom_SwapOnly_Monthly,Celcom - Swap - Monthly,24/11/15,972.0,A1264,64.0,MYR,599.0,146.0972967,7.0,Swap,OOW,NLFL
Oppo,,OPPO A12E,A12E64PRP,OPPO A3s,NONE,1/11/17,12.0,202006.0,Malaysia,Celcom,Celcom_SwapOnly_Monthly,Celcom - Swap - Monthly,24/11/15,972.0,A12E64,64.0,MYR,499.0,121.7070969,4.0,Swap,OOW,NLFL
Samsung,,SAMSUNG GALAXY A01,GXYA01BLU,Samsung Galaxy M10,SAMSUNG GALAXY A02,1/1/18,13.0,202006.0,Malaysia,Celcom,Celcom_SwapOnly_Monthly,Celcom - Swap - Monthly,24/11/15,911.0,GXYA01,16.0,MYR,449.0,109.511997,2.0,Swap,OOW,NLFL
OPPO,,OPPO RENO 3,RENO3BLK,OPPO RENO 2,OPPO Reno 4,1/11/17,15.0,202009.0,Malaysia,Celcom,Celcom_SwapOnly_Monthly,Celcom - Swap - Monthly,24/11/15,1064.0,RENO3,128.0,MYR,1699.0,414.3894943,1.0,Swap,IW,NLFL
Oppo,,OPPO RENO 3,RENO3BLU,OPPO RENO 2,OPPO RENO 4,1/11/17,16.0,202010.0,Malaysia,Celcom,Celcom_SwapOnly_Monthly,Celcom - Swap - Monthly,24/11/15,1095.0,RENO3,128.0,MYR,1699.0,414.3894943,1.0,Swap,OOW,NLFL
OPPO,,OPPO FIND X2,FINDX2256BLU,OPPO FIND X,OPPO FIND X3,1/1/17,17.0,202010.0,Malaysia,Celcom,Celcom_SwapReplace_Monthly,Celcom - Swap & Replace - monthly,24/11/15,1399.0,FINDX2256,256.0,MYR,3999.0,975.3640892,1.0,Swap,OOW,NLFL
OPPO,,OPPO FIND X2 PRO,FINDX2PR512ORG,OPPO Find X,OPPO Find X3 Pro,1/1/17,18.0,202011.0,Malaysia,Celcom,Celcom_SwapReplace_Monthly,Celcom - Swap & Replace - monthly,24/11/15,1429.0,FINDX2PR512,512.0,MYR,4599.0,1121.705288,1.0,REPLACEMENT,OOW,LFL
VIVO,,VIVO X50,VX50128BLK,VIVO X30,VIVO X50 Pro,1/1/18,19.0,202101.0,Malaysia,Celcom,Celcom_SwapOnly_Monthly,Celcom - Swap - Monthly,24/11/15,1126.0,VX50128,128.0,MYR,1999.0,487.5600936,1.0,Swap,OOW,LFL
Samsung,GALAXY A02,SAMSUNG GALAXY A02S,GXYA02S64BLK,SAMSUNG GALAXY A01,Samsung Galaxy A03,1/1/18,21.0,202102.0,Malaysia,Celcom,Celcom_SwapOnly_Monthly,Celcom - Swap - Monthly,24/11/15,1154.0,GXYA02S64,64.0,MYR,529.0,129.0241568,2.0,Swap,OOW,LFL
REALME,,REALME 7 5G,RM75G128BLU,Realme 6 5G,REALME 8 5G,1/1/18,22.0,202102.0,Malaysia,Celcom,Celcom_SwapReplace_Monthly,Celcom - Swap & Replace - monthly,24/11/15,1154.0,RM75G128,128.0,MYR,1299.0,316.8286951,1.0,REPLACEMENT,OOW,LFL
VIVO,,VIVO Y20S,Y20S128BLK,VIVO Y20,VIVO Y21,1/1/18,23.0,202103.0,Malaysia,Celcom,Celcom_SwapOnly_Monthly,Celcom - Swap - Monthly,24/11/15,1185.0,Y20S128,128.0,MYR,799.0,194.8776962,1.0,REPLACEMENT,OOW,NLFL
Oppo,,OPPO  RENO 5F,RENO5F128PUR,OPPO RENO 4F,NONE,1/11/17,25.0,202105.0,Malaysia,Celcom,Celcom_SwapOnly_Monthly,Celcom - Swap - Monthly,24/11/15,1307.0,RENO5F128,128.0,MYR,1199.0,292.4384954,1.0,Swap,OOW,NLFL
REALME,,REALME 8,RM85G128BLU,REALME 7,REALME 8 Pro,1/1/18,27.0,202106.0,Malaysia,Celcom,Celcom_SwapOnly_Monthly,Celcom - Swap - Monthly,24/11/15,1276.0,RM85G128,128.0,MYR,999.0,243.6580958,1.0,Swap,OOW,NLFL
VIVO,,VIVO V21E,V21E128PUR,VIVO V20 SE,VIVO V23e,1/1/18,28.0,202107.0,Malaysia,Celcom,Celcom_SwapOnly_Monthly,Celcom - Swap - Monthly,24/11/15,1307.0,V21E128,128.0,MYR,1299.0,316.8286951,1.0,Swap,IW,NLFL
VIVO,,VIVO X60 PRO,VX60PRO5G256BLU,VIVO X50 PRO,VIVO X70 PRO,1/1/18,29.0,202107.0,Malaysia,Celcom,Celcom_SwapReplace_Monthly,Celcom - Swap & Replace - monthly,24/11/15,1307.0,VX60PRO5G256,256.0,MYR,3299.0,804.6326907,1.0,Swap,OOW,LFL
Realme,,REALME 8 PRO,RM8PRO128BLK,REALME 7 PRO,REALME 9 PRO,1/1/18,31.0,202108.0,Malaysia,Celcom,Celcom_SwapOnly_Monthly,Celcom - Swap - Monthly,24/11/15,1338.0,RM8PRO128,128.0,MYR,1499.0,365.6090947,1.0,Swap,OOW,LFL
XIAOMI,,XIAOMI REDMI 9T,REDMI9T464GRY,XIAOMI REDMI 9,Xiaomi Redmi 10T,1/1/18,32.0,202108.0,Malaysia,Celcom,Celcom_SwapOnly_Monthly,Celcom - Swap - Monthly,24/11/15,1338.0,REDMI9T464,64.0,MYR,599.0,146.0972967,1.0,Swap,OOW,LFL
Xiaomi,,XIAOMI REDMI 9T,REDMI9T464GRN,XIAOMI REDMI 9,XIAOMI REDMI 10T,1/1/18,33.0,202108.0,Malaysia,Celcom,Celcom_SwapReplace_Monthly,Celcom - Swap & Replace - monthly,24/11/15,1338.0,REDMI9T464,64.0,MYR,599.0,146.0972967,1.0,Swap,IW,LFL
Oppo,,OPPO RENO 6 PRO,RENO6PRO5G256BLU,OPPO RENO 5 PRO,OPPO RENO 6 PRO+,1/11/17,35.0,202110.0,Malaysia,Celcom,Celcom_SwapOnly_Monthly,Celcom - Swap - Monthly,24/11/15,1460.0,RENO6PRO5G256,256.0,MYR,2999.0,731.4620914,1.0,Swap,IW,LFL
REALME,,REALME C21Y,RMC21Y64BLK,REALME C21,Realme C25Y,1/1/18,36.0,202110.0,Malaysia,Celcom,Celcom_SwapOnly_Monthly,Celcom - Swap - Monthly,24/11/15,1399.0,RMC21Y64,64.0,MYR,549.0,133.9021968,1.0,Swap,OOW,NLFL
Xiaomi,,XIAOMI POCO X3 PRO,POCOX3PRO128BRZ,XIAOMI POCO X3,XIAOMI POCO X3 GT,1/1/18,37.0,202110.0,Malaysia,Celcom,Celcom_SwapOnly_Monthly,Celcom - Swap - Monthly,24/11/15,1399.0,POCOX3PRO128,128.0,MYR,999.0,243.6580958,1.0,Swap,OOW,NLFL
VIVO,,VIVO Y33S,Y33S128BLK,VIVO Y31,NONE,1/1/18,38.0,202112.0,Malaysia,Celcom,Celcom_SwapOnly_Monthly,Celcom - Swap - Monthly,24/11/15,1460.0,Y33S128,128.0,MYR,999.0,243.6580958,8.0,Swap,OOW,NLFL
VIVO,,VIVO Y76,Y765G128ARO,VIVO Y75,NONE,1/1/18,39.0,202112.0,Malaysia,Celcom,Celcom_SwapReplace_Monthly,Celcom - Swap & Replace - monthly,24/11/15,1460.0,Y765G128,128.0,MYR,1299.0,316.8286951,1.0,Swap,OOW,LFL
VIVO,,VIVO Y15S,Y15S32BLU,VIVO Y15,VIVO Y17,1/11/21,40.0,202201.0,Malaysia,Celcom,Celcom_SwapOnly_Monthly,Celcom - Swap - Monthly,24/11/15,91.0,Y15S32,32.0,MYR,559.0,136.3412168,1.0,Swap,OOW,NLFL
Realme,,REALME C25Y,RMC25Y128BLU,REALME C25,NONE,1/1/18,41.0,202202.0,Malaysia,Celcom,Celcom_SwapOnly_Monthly,Celcom - Swap - Monthly,24/11/15,1519.0,RMC25Y128,128.0,MYR,699.0,170.4874965,1.0,Swap,OOW,NLFL
VIVO,,VIVO X70,VX705G128ARO,VIVO X60,VIVO X80,1/1/18,42.0,202202.0,Malaysia,Celcom,Celcom_SwapReplace_Monthly,Celcom - Swap & Replace - monthly,24/11/15,1519.0,VX705G128,128.0,MYR,2499.0,609.5110925,1.0,Swap,IW,NLFL
Realme,,REALME C2,C232BLU,REALME C1,REALME C3,1/1/18,43.0,202203.0,Malaysia,Celcom,Celcom_SwapOnly_Monthly,Celcom - Swap - Monthly,24/11/15,1550.0,C232,16.0,MYR,499.0,121.7070969,1.0,Swap,OOW,LFL
VIVO,,VIVO X70 PRO,VX70PRO5G256ARO,VIVO X60 PRO,NONE,1/1/18,44.0,202203.0,Malaysia,Celcom,Celcom_SwapOnly_Monthly,Celcom - Swap - Monthly,24/11/15,1550.0,VX70PRO5G256,256.0,MYR,3299.0,804.6326907,1.0,Swap,OOW,LFL
VIVO,,VIVO Y15A,Y15A464BLU,VIVO Y15s,VIVO Y16,1/11/21,45.0,202203.0,Malaysia,Celcom,Celcom_SwapOnly_Monthly,Celcom - Swap - Monthly,24/11/15,150.0,Y15A464,64.0,MYR,649.0,158.2923966,2.0,Swap,OOW,NLFL
Xiaomi,,XIAOMI REDMI 9C,REDMI9C4128GRY,XIAOMI REDMI 9A,XIAOMI REDMI 10C,1/1/18,46.0,202204.0,Malaysia,Celcom,Celcom_SwapOnly_Monthly,Celcom - Swap - Monthly,24/11/15,1580.0,REDMI9C4128,128.0,MYR,499.0,121.7070969,1.0,Swap,OOW,NLFL
Samsung,,SAMSUNG GALAXY TAB A7 LITE,GXYTABA7LITE32GRY,SAMSUNG GALAXY TAB A 8.0 (2019),NONE,1/1/18,47.0,202204.0,Malaysia,Celcom,Celcom_SwapReplace_Monthly,Celcom - Swap & Replace - monthly,24/11/15,1580.0,GXYTABA7LITE32,32.0,MYR,699.0,170.4874965,1.0,Swap,OOW,LFL
Huawei,,HUAWEI NOVA 9 SE,NOVA9SE128BLU,HUAWEI NOVA 8 SE,NONE,,49.0,202205.0,Malaysia,Celcom,Celcom_SwapReplace_Monthly,Celcom - Swap & Replace - monthly,24/11/15,,NOVA9SE128,128.0,MYR,1099.0,268.0482956,1.0,Swap,OOW,NLFL
VIVO,,VIVO X80 PRO,VX80PRO5G256BLK,VIVO X70 Pro,VIVO X90 Pro,1/4/22,50.0,202206.0,Malaysia,Celcom,Celcom_SwapOnly_Monthly,Celcom - Swap - Monthly,24/11/15,90.0,VX80PRO5G256,256.0,MYR,4999.0,1219.266087,1.0,Swap,OOW,NLFL
Xiaomi,,XIAOMI REDMI 10C,REDMI10C64GRN,XIAOMI REDMI 9C,NONE,1/3/22,51.0,202206.0,Malaysia,Celcom,Celcom_SwapOnly_Monthly,Celcom - Swap - Monthly,24/11/15,121.0,REDMI10C64,64.0,MYR,559.0,136.3412168,1.0,Swap,OOW,NLFL
VIVO,,VIVO X80,VX805G256BLK,VIVO X70,VIVO X90,1/4/22,52.0,202207.0,Malaysia,Celcom,Celcom_SwapReplace_Monthly,Celcom - Swap & Replace - monthly,24/11/15,121.0,VX805G256,256.0,MYR,3499.0,853.4130903,1.0,REPLACEMENT,OOW,LFL
Xiaomi,,XIAOMI REDMI 9A,REDMI9A232GRN,XIAOMI REDMI 8A,XIAOMI REDMI 9C,1/1/18,53.0,202208.0,Malaysia,Celcom,Celcom_SwapOnly_Monthly,Celcom - Swap - Monthly,24/11/15,1703.0,REDMI9A232,32.0,MYR,359.0,87.56081721,1.0,Swap,OOW,NLFL
OPPO,,OPPO RENO 8Z,RENO8Z5G256GLD,OPPO Reno 7Z,NONE,1/7/22,54.0,202209.0,Malaysia,Celcom,Celcom_SwapReplace_Monthly,Celcom - Swap & Replace - monthly,24/11/15,91.0,RENO8Z5G256,256.0,MYR,1799.0,438.779694,1.0,Swap,OOW,LFL
OPPO,,OPPO A57 2022,A5722128BLK,OPPO A57 (2016),NONE,1/6/22,55.0,202210.0,Malaysia,Celcom,Celcom_SwapOnly_Monthly,Celcom - Swap - Monthly,24/11/15,152.0,A5722128,128.0,MYR,699.0,170.4874965,1.0,Swap,OOW,NLFL
XIAOMI,,XIAOMI REDMI 9A,REDMI9A232GRY,XIAOMI REDMI 8A,XIAOMI REDMI 9C,1/1/18,56.0,202210.0,Malaysia,Celcom,Celcom_SwapReplace_Monthly,Celcom - Swap & Replace - monthly,24/11/15,1764.0,REDMI9A232,32.0,MYR,359.0,87.56081721,1.0,Swap,OOW,NLFL
OPPO,,OPPO A17,A1764BLK,OPPO A16,NONE,23/9/22,57.0,202211.0,Malaysia,Celcom,Celcom_SwapOnly_Monthly,Celcom - Swap - Monthly,24/11/15,68.0,A1764,64.0,MYR,599.0,146.0972967,3.0,Swap,OOW,NLFL
OPPO,,OPPO A77S,A77S128BLK,OPPO A77,NONE,23/6/22,58.0,202211.0,Malaysia,Celcom,Celcom_SwapReplace_Monthly,Celcom - Swap & Replace - monthly,24/11/15,160.0,A77S128,128.0,MYR,999.0,243.6580958,1.0,REPLACEMENT,OOW,NLFL
VIVO,,VIVO Y16,Y1664GLD,VIVO Y15s,NONE,9/1/22,59.0,202212.0,Malaysia,Celcom,Celcom_SwapOnly_Monthly,Celcom - Swap - Monthly,24/11/15,356.0,Y1664,64.0,MYR,599.0,146.0972967,1.0,Swap,OOW,LFL
OPPO,,OPPO RENO 8T,RENO8T5G8256BLK,OPPO Reno 7,NONE,10/2/23,61.0,202302.0,Malaysia,Celcom,Celcom_SwapReplace_Monthly,Celcom - Swap & Replace - monthly,24/11/15,18.0,RENO8T5G8256,256.0,MYR,1799.0,395.3842166,1.0,Swap,OOW,LFL
HONOR,,HONOR X6,HONORX6128SIL,HONOR X5,NONE,7/10/22,62.0,202303.0,Malaysia,Celcom,Celcom_SwapReplace_Monthly,Celcom - Swap & Replace - monthly,24/11/15,175.0,HONORX6128,128.0,MYR,599.0,131.6482189,1.0,Swap,OOW,LFL
Realme,,REALME C11,RMC1132GRY,Realme C3,REALME C12,1/1/18,63.0,202304.0,Malaysia,Celcom,Celcom_SwapReplace_Monthly,Celcom - Swap & Replace - monthly,24/11/15,1945.0,RMC1132,32.0,MYR,449.0,98.68121915,1.0,Swap,OOW,LFL
HONOR,,HONOR X9A,HONORX9A5G256GRN,HONOR X9,NONE,4/1/23,64.0,202305.0,Malaysia,Celcom,Celcom_SwapOnly_Monthly,Celcom - Swap - Monthly,24/11/15,147.0,HONORX9A5G256,256.0,MYR,1499.0,329.4502172,1.0,Swap,IW,LFL
REALME,,REALME GT MASTER,RMGTMASTER5G256BLU,Realme GT,Realme GT 2,1/1/18,65.0,202305.0,Malaysia,Celcom,Celcom_SwapOnly_Monthly,Celcom - Swap - Monthly,24/11/15,1976.0,RMGTMASTER5G256,256.0,MYR,1699.0,373.4062168,1.0,Swap,IW,NLFL
VIVO,,VIVO X90,VX905G256BLK,Vivo X80,NONE,3/2/23,67.0,202305.0,Malaysia,Celcom,Celcom_SwapOnly_Monthly,Celcom - Swap - Monthly,24/11/15,117.0,VX905G256,256.0,MYR,3699.0,812.966213,1.0,Swap,OOW,NLFL
REALME,,REALME C55,RMC55128BLK,Realme C35,NONE,28/3/23,68.0,202307.0,Malaysia,Celcom,Celcom_SwapOnly_Monthly,Celcom - Swap - Monthly,24/11/15,125.0,RMC55128,128.0,MYR,699.0,153.6262187,1.0,Swap,OOW,NLFL
OPPO,,OPPO A17K,A17K364GLD,OPPO A16K,NONE,23/9/22,69.0,202308.0,Malaysia,Celcom,Celcom_SwapOnly_Monthly,Celcom - Swap - Monthly,24/11/15,342.0,A17K364,64.0,MYR,499.0,109.6702191,1.0,Swap,OOW,LFL
Oppo,,OPPO A57 2022,A572264BLK,OPPO A57 (2016),NONE,1/6/22,70.0,202308.0,Malaysia,Celcom,Celcom_SwapOnly_Monthly,Celcom - Swap - Monthly,24/11/15,456.0,A572264,64.0,MYR,629.0,138.2416188,1.0,Swap,OOW,NLFL
HONOR,,HONOR 90 LITE,HONOR90LT5G256BLK,HONOR 80 Lite,NONE,22/7/23,72.0,202309.0,Malaysia,Celcom,Celcom_SwapOnly_Monthly,Celcom - Swap - Monthly,24/11/15,70.0,HONOR90LT5G256,256.0,MYR,1099.0,241.5382179,1.0,Swap,OOW,LFL
VIVO,,VIVO V27E,V27E8256BLK,VIVO V25e,NONE,,74.0,202310.0,Malaysia,Celcom,Celcom_SwapOnly_Monthly,Celcom - Swap - Monthly,24/11/15,,V27E8256,256.0,MYR,1299.0,285.4942175,1.0,Swap,OOW,NLFL
HONOR,,HONOR X8A,HONORX8A5G128BLU,HONOR X8,NONE,11/2/23,75.0,202310.0,Malaysia,Celcom,Celcom_SwapReplace_Monthly,Celcom - Swap & Replace - monthly,24/11/15,262.0,HONORX8A5G128,128.0,MYR,999.0,219.5602181,1.0,Swap,OOW,LFL
HONOR,,HONOR MAGIC VS,MAGICVS5G512BLK,"HONOR MAGIC V
",HONOR Magic V,6/4/23,76.0,202310.0,Malaysia,Celcom,Celcom_SwapReplace_Monthly,Celcom - Swap & Replace - monthly,24/11/15,208.0,MAGICVS5G512,512.0,MYR,5999.0,1318.460209,1.0,REPLACEMENT,OOW,LFL
Samsung,,SAMSUNG GALAXY A05,GXYA05128BLK,SAMSUNG GALAXY A04,NONE,,79.0,202312.0,Malaysia,Celcom,Celcom_SwapOnly_Monthly,Celcom - Swap - Monthly,24/11/15,,GXYA05128,128.0,MYR,649.0,142.6372188,1.0,Swap,OOW,LFL
VIVO,,VIVO V29,V295G256BLK,VIVO V27,NONE,,80.0,202312.0,Malaysia,Celcom,Celcom_SwapOnly_Monthly,Celcom - Swap - Monthly,24/11/15,,V295G256,256.0,MYR,1799.0,395.3842166,1.0,Swap,OOW,NLFL
